key,class,expire_time_gmt,obs_id,obs_name,valid_time_gmt,day_ind,temp,wx_icon,icon_extd,wx_phrase,pressure_tend,pressure_desc,dewPt,heat_index,rh,pressure,vis,wc,wdir,wdir_cardinal,gust,wspd,max_temp,min_temp,precip_total,precip_hrly,snow_hrly,uv_desc,feels_like,uv_index,qualifier,qualifier_svrty,blunt_phrase,terse_phrase,clds,water_temp,primary_wave_period,primary_wave_height,primary_swell_period,primary_swell_height,primary_swell_direction,secondary_swell_period,secondary_swell_height,secondary_swell_direction
53787,observation,1577826900,53787,Yushe,1577815200,N,23,,,,2,Falling,1,23,39,26.72,18.0,23,310.0,NW,,2,28,-4,0.0,,,Low,23,0,,,,,,,,,,,,,,
53787,observation,1577848500,53787,Yushe,1577836800,D,18,34.0,3400.0,Fair,2,Falling,4,18,55,26.7,18.0,18,200.0,SSW,,2,28,-4,0.0,,,Low,18,0,,,,,,,,,,,,,,
53787,observation,1577870100,53787,Yushe,1577858400,D,44,28.0,2800.0,Mostly Cloudy,2,Falling,16,44,32,26.63,18.0,42,270.0,W,,4,44,18,0.0,,,Low,42,1,,,,,,,,,,,,,,
53787,observation,1577891700,53787,Yushe,1577880000,N,29,33.0,3300.0,Fair,1,Rising,15,29,55,26.7,18.0,22,60.0,ENE,,7,45,18,0.0,,,Low,22,0,,,,,,,,,,,,,,
53787,observation,1577913300,53787,Yushe,1577901600,N,19,,,,1,Rising,12,19,74,26.76,16.0,19,90.0,E,,2,45,18,0.0,,,Low,19,0,,,,,,,,,,,,,,
53787,observation,1577934900,53787,Yushe,1577923200,D,15,34.0,3400.0,Fair,1,Rising,12,15,89,26.77,7.0,15,150.0,SSE,,2,45,14,0.0,,,Low,15,0,,,,,,,,,,,,,,
53787,observation,1577956500,53787,Yushe,1577944800,D,49,,,,2,Falling,19,49,30,26.71,18.0,47,220.0,SW,,4,49,14,0.0,,,Low,47,2,,,,,,,,,,,,,,
53787,observation,1577978100,53787,Yushe,1577966400,N,31,33.0,3300.0,Fair,1,Rising,17,31,56,26.75,18.0,24,60.0,ENE,,7,51,14,0.0,,,Low,24,0,,,,,,,,,,,,,,
53787,observation,1577999700,53787,Yushe,1577988000,N,28,,,,2,Falling,16,28,61,26.75,13.0,28,330.0,NNW,,2,51,14,0.0,,,Low,28,0,,,,,,,,,,,,,,
53787,observation,1578042900,53787,Yushe,1578031200,D,49,34.0,3400.0,Fair,2,Falling,19,49,31,26.7,16.0,47,270.0,W,,4,51,23,0.0,,,Low,47,2,,,,,,,,,,,,,,
53787,observation,1578064500,53787,Yushe,1578052800,N,34,27.0,2700.0,Mostly Cloudy,1,Rising,17,34,50,26.7,8.0,30,70.0,ENE,,4,49,23,0.0,,,Low,30,0,,,,,,,,,,,,,,
53787,observation,1578086100,53787,Yushe,1578074400,N,25,,,,2,Falling,16,25,69,26.72,7.0,19,60.0,ENE,,4,49,23,0.0,,,Low,19,0,,,,,,,,,,,,,,
53787,observation,1578107700,53787,Yushe,1578096000,D,18,30.0,3000.0,Partly Cloudy,1,Rising,13,18,81,26.72,6.0,18,70.0,ENE,,2,49,17,0.0,,,Low,18,0,,,,,,,,,,,,,,
53787,observation,1578129300,53787,Yushe,1578117600,D,47,28.0,2800.0,Mostly Cloudy,2,Falling,19,47,33,26.64,13.0,45,260.0,W,,4,49,17,0.0,,,Low,45,1,,,,,,,,,,,,,,
53787,observation,1578150900,53787,Yushe,1578139200,N,37,27.0,2700.0,Mostly Cloudy,1,Rising,20,37,52,26.69,11.0,37,40.0,NE,,2,48,17,0.0,,,Low,37,0,,,,,,,,,,,,,,
53787,observation,1578172500,53787,Yushe,1578160800,N,32,,,,2,Falling,19,32,58,26.67,10.0,32,310.0,NW,,2,48,17,0.0,,,Low,32,0,,,,,,,,,,,,,,
53787,observation,1578194100,53787,Yushe,1578182400,D,30,13.0,1401.0,Light Snow Shower,2,Falling,29,30,96,26.68,0.62,30,20.0,NNE,,2,48,18,0.09,,,Low,30,0,,,,,,,,,,,,,,
53787,observation,1578215700,53787,Yushe,1578204000,D,35,,,,2,Falling,33,35,94,26.61,2.0,35,,CALM,,0,48,30,0.24,,,Low,35,2,,,,,,,,,,,,,,
53787,observation,1578237300,53787,Yushe,1578225600,N,30,26.0,2600.0,Cloudy,1,Rising,28,30,91,26.64,3.0,30,,CALM,,0,37,30,0.26,,,Low,30,0,,,,,,,,,,,,,,
53787,observation,1578258900,53787,Yushe,1578247200,N,28,33.0,3300.0,Fair,2,Falling,27,28,95,26.64,2.0,28,,CALM,,0,35,28,0.26,,,Low,28,0,,,,,,,,,,,,,,
53787,observation,1578280500,53787,Yushe,1578268800,D,25,26.0,2600.0,Cloudy,1,Rising,24,25,98,26.64,1.0,25,,CALM,,0,35,24,0.17,,,Low,25,0,,,,,,,,,,,,,,
53787,observation,1578302100,53787,Yushe,1578290400,D,34,26.0,2600.0,Cloudy,2,Falling,29,34,82,26.57,3.0,34,210.0,SSW,,2,35,24,0.02,,,Low,34,1,,,,,,,,,,,,,,
53787,observation,1578323700,53787,Yushe,1578312000,N,31,26.0,2600.0,Cloudy,1,Rising,28,31,89,26.58,4.0,31,60.0,ENE,,2,37,24,0.0,,,Low,31,0,,,,,,,,,,,,,,
53787,observation,1578345300,53787,Yushe,1578333600,N,30,,,,2,Falling,26,30,85,26.55,8.0,25,20.0,NNE,,4,37,24,0.0,,,Low,25,0,,,,,,,,,,,,,,
53787,observation,1578366900,53787,Yushe,1578355200,D,28,13.0,1401.0,Light Snow Shower,1,Rising,27,28,94,26.57,2.0,23,40.0,NE,,4,37,25,0.04,,,Low,23,0,,,,,,,,,,,,,,
53787,observation,1578388500,53787,Yushe,1578376800,D,29,13.0,1401.0,Light Snow Shower,2,Falling,27,29,91,26.58,3.0,23,340.0,NNW,,7,37,28,0.17,,,Low,23,1,,,,,,,,,,,,,,
53787,observation,1578410100,53787,Yushe,1578398400,N,23,29.0,2900.0,Partly Cloudy,1,Rising,21,23,94,26.66,5.0,17,70.0,ENE,,4,31,23,0.18,,,Low,17,0,,,,,,,,,,,,,,
53787,observation,1578431700,53787,Yushe,1578420000,N,13,33.0,3300.0,Fair,1,Rising,12,13,95,26.73,0.5,6,130.0,SE,,4,31,13,0.18,,,Low,6,0,,,,,,,,,,,,,,
53787,observation,1578453300,53787,Yushe,1578441600,D,8,28.0,2800.0,Mostly Cloudy,1,Rising,6,8,91,26.72,9.0,8,340.0,NNW,,2,31,7,0.14,,,Low,8,0,,,,,,,,,,,,,,
53787,observation,1578474900,53787,Yushe,1578463200,D,29,34.0,3400.0,Fair,2,Falling,22,29,76,26.69,4.0,24,270.0,W,,4,31,7,0.01,,,Low,24,2,,,,,,,,,,,,,,
53787,observation,1578496500,53787,Yushe,1578484800,N,21,33.0,3300.0,Fair,1,Rising,19,21,93,26.7,4.0,15,150.0,SSE,,4,32,7,0.0,,,Low,15,0,,,,,,,,,,,,,,
53787,observation,1578518100,53787,Yushe,1578506400,N,15,20.0,2000.0,Fog,2,Falling,14,15,96,26.7,0.31,15,70.0,ENE,,2,32,7,0.0,,,Low,15,0,,,,,,,,,,,,,,
53787,observation,1578539700,53787,Yushe,1578528000,D,19,26.0,2600.0,Cloudy,2,Falling,18,19,96,26.67,3.0,19,10.0,N,,2,32,8,0.0,,,Low,19,0,,,,,,,,,,,,,,
53787,observation,1578561300,53787,Yushe,1578549600,D,26,26.0,2600.0,Cloudy,2,Falling,22,26,84,26.63,6.0,26,330.0,NNW,,2,32,13,0.0,,,Low,26,1,,,,,,,,,,,,,,
53787,observation,1578582900,53787,Yushe,1578571200,N,25,26.0,2600.0,Cloudy,1,Rising,22,25,87,26.64,8.0,19,220.0,SW,,4,29,13,0.0,,,Low,19,0,,,,,,,,,,,,,,
53787,observation,1578604500,53787,Yushe,1578592800,N,24,33.0,3300.0,Fair,0,Steady,23,24,96,26.64,3.0,24,50.0,NE,,2,29,13,0.03,,,Low,24,0,,,,,,,,,,,,,,
53787,observation,1578626100,53787,Yushe,1578614400,D,25,26.0,2600.0,Cloudy,1,Rising,24,25,95,26.62,4.0,25,40.0,NE,,2,29,19,0.04,,,Low,25,0,,,,,,,,,,,,,,
53787,observation,1578647700,53787,Yushe,1578636000,D,39,30.0,3000.0,Partly Cloudy,2,Falling,22,39,52,26.59,7.0,36,190.0,S,,4,39,24,0.03,,,Low,36,1,,,,,,,,,,,,,,
53787,observation,1578669300,53787,Yushe,1578657600,N,26,33.0,3300.0,Fair,1,Rising,14,26,62,26.63,13.0,26,40.0,NE,,2,40,24,0.03,,,Low,26,0,,,,,,,,,,,,,,
53787,observation,1578690900,53787,Yushe,1578679200,N,17,,,,2,Falling,13,17,81,26.64,11.0,6,60.0,ENE,,9,40,17,0.0,,,Low,6,0,,,,,,,,,,,,,,
53787,observation,1578712500,53787,Yushe,1578700800,D,18,26.0,2600.0,Cloudy,2,Falling,13,18,83,26.62,8.0,18,320.0,NW,,2,40,16,0.0,,,Low,18,0,,,,,,,,,,,,,,
53787,observation,1578734100,53787,Yushe,1578722400,D,30,28.0,2800.0,Mostly Cloudy,2,Falling,20,30,68,26.55,9.0,30,250.0,WSW,,2,40,16,0.02,,,Low,30,1,,,,,,,,,,,,,,
53787,observation,1578755700,53787,Yushe,1578744000,N,22,27.0,2700.0,Mostly Cloudy,1,Rising,20,22,90,26.59,6.0,16,170.0,S,,4,31,16,0.02,,,Low,16,0,,,,,,,,,,,,,,
53787,observation,1578777300,53787,Yushe,1578765600,N,22,33.0,3300.0,Fair,2,Falling,21,22,97,26.58,2.0,22,280.0,W,,2,31,16,0.02,,,Low,22,0,,,,,,,,,,,,,,
53787,observation,1578798900,53787,Yushe,1578787200,D,18,26.0,2600.0,Cloudy,1,Rising,15,18,89,26.58,7.0,18,80.0,E,,2,31,18,0.02,,,Low,18,0,,,,,,,,,,,,,,
53787,observation,1578820500,53787,Yushe,1578808800,D,33,34.0,3400.0,Fair,2,Falling,15,33,47,26.53,9.0,33,290.0,WNW,,2,33,17,0.0,,,Low,33,2,,,,,,,,,,,,,,
53787,observation,1578842100,53787,Yushe,1578830400,N,19,33.0,3300.0,Fair,1,Rising,16,19,87,26.55,7.0,12,90.0,E,,4,34,17,0.0,,,Low,12,0,,,,,,,,,,,,,,
53787,observation,1578863700,53787,Yushe,1578852000,N,11,,,,2,Falling,9,11,91,26.56,8.0,11,10.0,N,,2,34,11,0.0,,,Low,11,0,,,,,,,,,,,,,,
53787,observation,1578885300,53787,Yushe,1578873600,D,11,28.0,2800.0,Mostly Cloudy,1,Rising,9,11,92,26.59,5.0,11,70.0,ENE,,2,34,10,0.0,,,Low,11,0,,,,,,,,,,,,,,
53787,observation,1578906900,53787,Yushe,1578895200,D,26,34.0,3400.0,Fair,2,Falling,6,26,44,26.57,9.0,15,10.0,N,,11,34,10,0.0,,,Low,15,2,,,,,,,,,,,,,,
53787,observation,1578928500,53787,Yushe,1578916800,N,16,33.0,3300.0,Fair,1,Rising,6,16,67,26.67,9.0,8,70.0,ENE,,4,27,10,0.0,,,Low,8,0,,,,,,,,,,,,,,
53787,observation,1578950100,53787,Yushe,1578938400,N,6,,,,1,Rising,3,6,85,26.7,5.0,-5,60.0,ENE,,7,27,6,0.0,,,Low,-5,0,,,,,,,,,,,,,,
53787,observation,1578971700,53787,Yushe,1578960000,D,1,34.0,3400.0,Fair,1,Rising,-3,1,85,26.72,8.0,1,350.0,N,,2,27,0,0.0,,,Low,1,0,,,,,,,,,,,,,,
53787,observation,1578993300,53787,Yushe,1578981600,D,28,34.0,3400.0,Fair,2,Falling,3,28,35,26.62,18.0,22,270.0,W,,4,28,0,0.0,,,Low,22,2,,,,,,,,,,,,,,
53787,observation,1579014900,53787,Yushe,1579003200,N,16,33.0,3300.0,Fair,1,Rising,7,16,68,26.67,18.0,8,110.0,ESE,,4,31,0,0.0,,,Low,8,0,,,,,,,,,,,,,,
53787,observation,1579036500,53787,Yushe,1579024800,N,9,,,,2,Falling,4,9,81,26.69,9.0,9,350.0,N,,2,31,0,0.0,,,Low,9,0,,,,,,,,,,,,,,
53787,observation,1579058100,53787,Yushe,1579046400,D,8,34.0,3400.0,Fair,1,Rising,5,8,88,26.68,7.0,8,300.0,WNW,,2,31,1,0.0,,,Low,8,0,,,,,,,,,,,,,,
53787,observation,1579079700,53787,Yushe,1579068000,D,26,26.0,2600.0,Cloudy,2,Falling,12,26,57,26.64,6.0,26,290.0,WNW,,2,31,5,0.0,,,Low,26,1,,,,,,,,,,,,,,
53787,observation,1579101300,53787,Yushe,1579089600,N,24,26.0,2600.0,Cloudy,1,Rising,17,24,75,26.71,4.0,24,180.0,S,,2,26,5,0.0,,,Low,24,0,,,,,,,,,,,,,,
53787,observation,1579122900,53787,Yushe,1579111200,N,23,33.0,3300.0,Fair,2,Falling,18,23,80,26.7,3.0,23,180.0,S,,2,26,5,0.0,,,Low,23,0,,,,,,,,,,,,,,
53787,observation,1579144500,53787,Yushe,1579132800,D,23,26.0,2600.0,Cloudy,1,Rising,19,23,85,26.71,3.0,23,150.0,SSE,,2,26,8,0.0,,,Low,23,0,,,,,,,,,,,,,,
53787,observation,1579166100,53787,Yushe,1579154400,D,34,28.0,2800.0,Mostly Cloudy,2,Falling,12,34,41,26.67,8.0,34,260.0,W,,2,34,22,0.0,,,Low,34,1,,,,,,,,,,,,,,
53787,observation,1579187700,53787,Yushe,1579176000,N,26,27.0,2700.0,Mostly Cloudy,1,Rising,16,26,66,26.71,11.0,26,200.0,SSW,,2,34,22,0.0,,,Low,26,0,,,,,,,,,,,,,,
53787,observation,1579209300,53787,Yushe,1579197600,N,19,,,,2,Falling,16,19,89,26.69,5.0,19,70.0,ENE,,2,34,18,0.0,,,Low,19,0,,,,,,,,,,,,,,
53787,observation,1579230900,53787,Yushe,1579219200,D,18,26.0,2600.0,Cloudy,1,Rising,15,18,89,26.69,4.0,18,320.0,NW,,2,34,18,0.0,,,Low,18,0,,,,,,,,,,,,,,
53787,observation,1579252500,53787,Yushe,1579240800,D,34,34.0,3400.0,Fair,2,Falling,11,34,40,26.63,14.0,27,340.0,NNW,,9,34,18,0.0,,,Low,27,2,,,,,,,,,,,,,,
53787,observation,1579274100,53787,Yushe,1579262400,N,22,33.0,3300.0,Fair,1,Rising,11,22,64,26.67,13.0,16,70.0,ENE,,4,35,18,0.0,,,Low,16,0,,,,,,,,,,,,,,
53787,observation,1579295700,53787,Yushe,1579284000,N,12,,,,2,Falling,9,12,88,26.67,6.0,12,350.0,N,,2,35,12,0.0,,,Low,12,0,,,,,,,,,,,,,,
53787,observation,1579317300,53787,Yushe,1579305600,D,9,28.0,2800.0,Mostly Cloudy,1,Rising,7,9,90,26.66,5.0,9,300.0,WNW,,2,35,8,0.0,,,Low,9,0,,,,,,,,,,,,,,
53787,observation,1579338900,53787,Yushe,1579327200,D,36,28.0,2800.0,Mostly Cloudy,2,Falling,13,36,39,26.58,16.0,31,220.0,SW,,7,37,8,0.0,,,Low,31,1,,,,,,,,,,,,,,
53787,observation,1579360500,53787,Yushe,1579348800,N,30,27.0,2700.0,Mostly Cloudy,1,Rising,13,30,49,26.62,18.0,24,280.0,W,,7,38,8,0.0,,,Low,24,0,,,,,,,,,,,,,,
53787,observation,1579382100,53787,Yushe,1579370400,N,20,,,,2,Falling,4,20,49,26.63,18.0,14,50.0,NE,,4,38,8,0.0,,,Low,14,0,,,,,,,,,,,,,,
53787,observation,1579403700,53787,Yushe,1579392000,D,9,34.0,3400.0,Fair,1,Rising,1,9,69,26.66,18.0,1,70.0,ENE,,4,38,9,0.0,,,Low,1,0,,,,,,,,,,,,,,
53787,observation,1579425300,53787,Yushe,1579413600,D,35,34.0,3400.0,Fair,2,Falling,4,35,28,26.55,18.0,29,240.0,WSW,,7,38,9,0.0,,,Low,29,2,,,,,,,,,,,,,,
53787,observation,1579446900,53787,Yushe,1579435200,N,30,33.0,3300.0,Fair,1,Rising,7,30,38,26.6,18.0,25,330.0,NNW,,4,38,9,0.0,,,Low,25,0,,,,,,,,,,,,,,
53787,observation,1579468500,53787,Yushe,1579456800,N,19,,,,1,Rising,8,19,65,26.63,18.0,9,60.0,ENE,,7,38,9,0.0,,,Low,9,0,,,,,,,,,,,,,,
53787,observation,1579490100,53787,Yushe,1579478400,D,10,34.0,3400.0,Fair,1,Rising,5,10,81,26.68,18.0,10,350.0,N,,2,38,9,0.0,,,Low,10,0,,,,,,,,,,,,,,
53787,observation,1579511700,53787,Yushe,1579500000,D,37,30.0,3000.0,Partly Cloudy,2,Falling,3,37,25,26.61,18.0,31,240.0,WSW,,7,38,9,0.0,,,Low,31,2,,,,,,,,,,,,,,
53787,observation,1579533300,53787,Yushe,1579521600,N,25,33.0,3300.0,Fair,1,Rising,10,25,53,26.64,18.0,20,70.0,ENE,,4,39,9,0.0,,,Low,20,0,,,,,,,,,,,,,,
53787,observation,1579554900,53787,Yushe,1579543200,N,21,,,,2,Falling,11,21,67,26.65,18.0,21,330.0,NNW,,2,39,9,0.0,,,Low,21,0,,,,,,,,,,,,,,
53787,observation,1579576500,53787,Yushe,1579564800,D,20,28.0,2800.0,Mostly Cloudy,1,Rising,13,20,77,26.61,15.0,20,310.0,NW,,2,39,10,0.0,,,Low,20,0,,,,,,,,,,,,,,
53787,observation,1579598100,53787,Yushe,1579586400,D,37,30.0,3000.0,Partly Cloudy,2,Falling,14,37,40,26.53,18.0,32,250.0,WSW,,7,39,19,0.0,,,Low,32,2,,,,,,,,,,,,,,
53787,observation,1579619700,53787,Yushe,1579608000,N,27,33.0,3300.0,Fair,1,Rising,16,27,63,26.57,15.0,22,80.0,E,,4,39,19,0.0,,,Low,22,0,,,,,,,,,,,,,,
53787,observation,1579641300,53787,Yushe,1579629600,N,17,,,,2,Falling,15,17,89,26.59,6.0,17,360.0,N,,2,39,17,0.0,,,Low,17,0,,,,,,,,,,,,,,
53787,observation,1579662900,53787,Yushe,1579651200,D,15,28.0,2800.0,Mostly Cloudy,1,Rising,13,15,91,26.57,5.0,15,330.0,NNW,,2,39,15,0.0,,,Low,15,0,,,,,,,,,,,,,,
53787,observation,1579684500,53787,Yushe,1579672800,D,40,28.0,2800.0,Mostly Cloudy,2,Falling,20,40,46,26.55,11.0,40,250.0,WSW,,2,40,15,0.0,,,Low,40,1,,,,,,,,,,,,,,
53787,observation,1579706100,53787,Yushe,1579694400,N,28,33.0,3300.0,Fair,1,Rising,19,28,68,26.6,13.0,23,80.0,E,,4,44,15,0.0,,,Low,23,0,,,,,,,,,,,,,,
53787,observation,1579727700,53787,Yushe,1579716000,N,19,,,,1,Rising,16,19,90,26.65,6.0,19,20.0,NNE,,2,44,15,0.0,,,Low,19,0,,,,,,,,,,,,,,
53787,observation,1579749300,53787,Yushe,1579737600,D,15,34.0,3400.0,Fair,1,Rising,14,15,93,26.68,6.0,15,360.0,N,,2,44,15,0.0,,,Low,15,0,,,,,,,,,,,,,,
53787,observation,1579770900,53787,Yushe,1579759200,D,47,34.0,3400.0,Fair,2,Falling,14,47,27,26.67,17.0,45,320.0,NW,,4,47,15,0.0,,,Low,45,2,,,,,,,,,,,,,,
53787,observation,1579792500,53787,Yushe,1579780800,N,33,33.0,3300.0,Fair,1,Rising,17,33,52,26.75,18.0,28,80.0,E,,4,47,15,0.0,,,Low,28,0,,,,,,,,,,,,,,
53787,observation,1579814100,53787,Yushe,1579802400,N,29,,,,1,Rising,20,29,71,26.84,8.0,29,110.0,ESE,,2,47,15,0.0,,,Low,29,0,,,,,,,,,,,,,,
53787,observation,1579835700,53787,Yushe,1579824000,D,21,28.0,2800.0,Mostly Cloudy,1,Rising,17,21,84,26.88,6.0,21,290.0,WNW,,2,47,15,0.0,,,Low,21,0,,,,,,,,,,,,,,
53787,observation,1579857300,53787,Yushe,1579845600,D,38,34.0,3400.0,Fair,2,Falling,20,38,49,26.84,4.0,38,190.0,S,,2,47,21,0.0,,,Low,38,2,,,,,,,,,,,,,,
53787,observation,1579878900,53787,Yushe,1579867200,N,29,33.0,3300.0,Fair,1,Rising,20,29,71,26.86,4.0,29,80.0,E,,2,38,21,0.0,,,Low,29,0,,,,,,,,,,,,,,
53787,observation,1579900500,53787,Yushe,1579888800,N,26,,,,2,Falling,19,26,76,26.86,4.0,26,20.0,NNE,,2,38,21,0.0,,,Low,26,0,,,,,,,,,,,,,,
53787,observation,1579922100,53787,Yushe,1579910400,D,22,28.0,2800.0,Mostly Cloudy,1,Rising,19,22,88,26.83,3.0,22,20.0,NNE,,2,38,21,0.0,,,Low,22,0,,,,,,,,,,,,,,
53787,observation,1579943700,53787,Yushe,1579932000,D,41,30.0,3000.0,Partly Cloudy,2,Falling,20,41,43,26.75,8.0,38,240.0,WSW,,4,41,21,0.0,,,Low,38,2,,,,,,,,,,,,,,
53787,observation,1579965300,53787,Yushe,1579953600,N,31,27.0,2700.0,Mostly Cloudy,1,Rising,20,31,64,26.78,13.0,27,80.0,E,,4,43,21,0.0,,,Low,27,0,,,,,,,,,,,,,,
53787,observation,1579986900,53787,Yushe,1579975200,N,26,,,,2,Falling,20,26,77,26.79,8.0,21,50.0,NE,,4,43,21,0.0,,,Low,21,0,,,,,,,,,,,,,,
53787,observation,1580008500,53787,Yushe,1579996800,D,24,26.0,2600.0,Cloudy,1,Rising,21,24,88,26.77,4.0,24,340.0,NNW,,2,43,22,0.0,,,Low,24,0,,,,,,,,,,,,,,
53787,observation,1580030100,53787,Yushe,1580018400,D,35,26.0,2600.0,Cloudy,2,Falling,20,35,56,26.71,11.0,29,250.0,WSW,,7,43,24,0.0,,,Low,29,1,,,,,,,,,,,,,,
53787,observation,1580051700,53787,Yushe,1580040000,N,29,26.0,2600.0,Cloudy,1,Rising,27,29,95,26.73,3.0,29,,CALM,,0,35,24,0.01,,,Low,29,0,,,,,,,,,,,,,,
53787,observation,1580073300,53787,Yushe,1580061600,N,25,,,,2,Falling,23,25,91,26.69,6.0,25,50.0,NE,,2,35,24,0.01,,,Low,25,0,,,,,,,,,,,,,,
53787,observation,1580094900,53787,Yushe,1580083200,D,23,26.0,2600.0,Cloudy,2,Falling,21,23,93,26.64,12.0,23,200.0,SSW,,2,35,23,0.01,,,Low,23,0,,,,,,,,,,,,,,
53787,observation,1580116500,53787,Yushe,1580104800,D,35,28.0,2800.0,Mostly Cloudy,2,Falling,19,35,52,26.56,18.0,31,150.0,SSE,,4,36,23,0.01,,,Low,31,1,,,,,,,,,,,,,,
53787,observation,1580138100,53787,Yushe,1580126400,N,27,33.0,3300.0,Fair,1,Rising,20,27,73,26.58,14.0,27,80.0,E,,2,36,23,0.0,,,Low,27,0,,,,,,,,,,,,,,
53787,observation,1580159700,53787,Yushe,1580148000,N,24,,,,2,Falling,22,24,92,26.59,7.0,19,50.0,NE,,4,36,23,0.0,,,Low,19,0,,,,,,,,,,,,,,
53787,observation,1580181300,53787,Yushe,1580169600,D,21,34.0,3400.0,Fair,1,Rising,20,21,95,26.58,4.0,15,70.0,ENE,,4,36,21,0.0,,,Low,15,0,,,,,,,,,,,,,,
53787,observation,1580202900,53787,Yushe,1580191200,D,39,28.0,2800.0,Mostly Cloudy,2,Falling,15,39,37,26.54,18.0,36,320.0,NW,,4,40,21,0.0,,,Low,36,1,,,,,,,,,,,,,,
53787,observation,1580224500,53787,Yushe,1580212800,N,33,27.0,2700.0,Mostly Cloudy,1,Rising,17,33,51,26.62,14.0,33,40.0,NE,,2,40,21,0.0,,,Low,33,0,,,,,,,,,,,,,,
53787,observation,1580246100,53787,Yushe,1580234400,N,23,,,,0,Steady,20,23,89,26.63,6.0,17,60.0,ENE,,4,40,21,0.0,,,Low,17,0,,,,,,,,,,,,,,
53787,observation,1580267700,53787,Yushe,1580256000,D,16,34.0,3400.0,Fair,1,Rising,13,16,89,26.65,6.0,9,50.0,NE,,4,40,16,0.0,,,Low,9,0,,,,,,,,,,,,,,
53787,observation,1580289300,53787,Yushe,1580277600,D,38,34.0,3400.0,Fair,2,Falling,15,38,39,26.6,18.0,31,360.0,N,,9,40,16,0.0,,,Low,31,2,,,,,,,,,,,,,,
53787,observation,1580310900,53787,Yushe,1580299200,N,27,33.0,3300.0,Fair,1,Rising,13,27,56,26.66,18.0,22,80.0,E,,4,38,16,0.0,,,Low,22,0,,,,,,,,,,,,,,
53787,observation,1580332500,53787,Yushe,1580320800,N,18,,,,2,Falling,12,18,78,26.67,8.0,18,60.0,ENE,,2,38,16,0.0,,,Low,18,0,,,,,,,,,,,,,,
53787,observation,1580354100,53787,Yushe,1580342400,D,12,34.0,3400.0,Fair,1,Rising,10,12,89,26.68,8.0,12,,CALM,,0,38,12,0.0,,,Low,12,0,,,,,,,,,,,,,,
53787,observation,1580375700,53787,Yushe,1580364000,D,40,34.0,3400.0,Fair,2,Falling,11,40,31,26.61,18.0,40,310.0,NW,,2,40,12,0.0,,,Moderate,40,3,,,,,,,,,,,,,,
53787,observation,1580397300,53787,Yushe,1580385600,N,27,33.0,3300.0,Fair,1,Rising,11,27,53,26.61,18.0,19,70.0,ENE,,7,43,12,0.0,,,Low,19,0,,,,,,,,,,,,,,
53787,observation,1580418900,53787,Yushe,1580407200,N,18,,,,2,Falling,10,18,72,26.62,18.0,11,330.0,NNW,,4,43,12,0.0,,,Low,11,0,,,,,,,,,,,,,,
53787,observation,1580440500,53787,Yushe,1580428800,D,11,34.0,3400.0,Fair,1,Rising,7,11,83,26.64,12.0,11,30.0,NNE,,2,43,11,0.0,,,Low,11,0,,,,,,,,,,,,,,
53787,observation,1580462100,53787,Yushe,1580450400,D,47,34.0,3400.0,Fair,2,Falling,10,47,22,26.57,18.0,47,260.0,W,,2,47,11,0.0,,,Low,47,2,,,,,,,,,,,,,,
53787,observation,1580483700,53787,Yushe,1580472000,N,30,33.0,3300.0,Fair,1,Rising,8,30,40,26.62,18.0,25,70.0,ENE,,4,49,11,0.0,,,Low,25,0,,,,,,,,,,,,,,
53787,observation,1580505300,53787,Yushe,1580493600,N,19,,,,2,Falling,8,19,63,26.65,18.0,19,10.0,N,,2,49,11,0.0,,,Low,19,0,,,,,,,,,,,,,,
53787,observation,1580526900,53787,Yushe,1580515200,D,17,28.0,2800.0,Mostly Cloudy,1,Rising,9,17,72,26.67,18.0,17,,CALM,,0,49,11,0.0,,,Low,17,0,,,,,,,,,,,,,,
53787,observation,1580548500,53787,Yushe,1580536800,D,37,28.0,2800.0,Mostly Cloudy,2,Falling,15,37,40,26.62,18.0,37,230.0,SW,,2,49,15,0.0,,,Low,37,1,,,,,,,,,,,,,,
53787,observation,1580570100,53787,Yushe,1580558400,N,35,27.0,2700.0,Mostly Cloudy,1,Rising,20,35,53,26.64,10.0,30,200.0,SSW,,7,40,15,0.0,,,Low,30,0,,,,,,,,,,,,,,
53787,observation,1580591700,53787,Yushe,1580580000,N,31,,,,2,Falling,20,31,63,26.65,11.0,26,160.0,SSE,,4,40,15,0.0,,,Low,26,0,,,,,,,,,,,,,,
53787,observation,1580613300,53787,Yushe,1580601600,D,27,28.0,2800.0,Mostly Cloudy,1,Rising,24,27,89,26.69,5.0,21,60.0,ENE,,4,40,17,0.0,,,Low,21,0,,,,,,,,,,,,,,
53787,observation,1580634900,53787,Yushe,1580623200,D,42,34.0,3400.0,Fair,2,Falling,8,42,25,26.65,18.0,36,300.0,WNW,,9,42,26,0.0,,,Moderate,36,3,,,,,,,,,,,,,,
53787,observation,1580656500,53787,Yushe,1580644800,N,29,33.0,3300.0,Fair,1,Rising,-1,29,27,26.75,18.0,24,360.0,N,,4,43,26,0.0,,,Low,24,0,,,,,,,,,,,,,,
53787,observation,1580678100,53787,Yushe,1580666400,N,15,,,,2,Falling,5,15,64,26.76,18.0,5,60.0,ENE,,7,43,15,0.0,,,Low,5,0,,,,,,,,,,,,,,
53787,observation,1580699700,53787,Yushe,1580688000,D,8,34.0,3400.0,Fair,1,Rising,3,8,79,26.74,18.0,8,340.0,NNW,,2,43,7,0.0,,,Low,8,0,,,,,,,,,,,,,,
53787,observation,1580721300,53787,Yushe,1580709600,D,38,34.0,3400.0,Fair,2,Falling,7,38,27,26.61,18.0,31,240.0,WSW,,11,43,7,0.0,,,Moderate,31,3,,,,,,,,,,,,,,
53787,observation,1580742900,53787,Yushe,1580731200,N,32,33.0,3300.0,Fair,1,Rising,14,32,48,26.58,18.0,28,160.0,SSE,,4,42,7,0.0,,,Low,28,0,,,,,,,,,,,,,,
53787,observation,1580764500,53787,Yushe,1580752800,N,18,,,,0,Steady,13,18,79,26.6,13.0,18,50.0,NE,,2,42,7,0.0,,,Low,18,0,,,,,,,,,,,,,,
53787,observation,1580786100,53787,Yushe,1580774400,D,13,34.0,3400.0,Fair,1,Rising,10,13,89,26.64,7.0,13,50.0,NE,,2,42,8,0.0,,,Low,13,0,,,,,,,,,,,,,,
53787,observation,1580807700,53787,Yushe,1580796000,D,44,34.0,3400.0,Fair,2,Falling,2,44,18,26.6,18.0,40,10.0,N,,7,46,13,0.0,,,Moderate,40,3,,,,,,,,,,,,,,
53787,observation,1580829300,53787,Yushe,1580817600,N,30,33.0,3300.0,Fair,1,Rising,4,30,33,26.66,18.0,24,60.0,ENE,,7,46,13,0.0,,,Low,24,0,,,,,,,,,,,,,,
53787,observation,1580850900,53787,Yushe,1580839200,N,19,,,,1,Rising,12,19,74,26.72,9.0,13,50.0,NE,,4,46,13,0.0,,,Low,13,0,,,,,,,,,,,,,,
53787,observation,1580872500,53787,Yushe,1580860800,D,15,28.0,2800.0,Mostly Cloudy,1,Rising,12,15,88,26.75,6.0,15,50.0,NE,,2,46,13,0.0,,,Low,15,0,,,,,,,,,,,,,,
53787,observation,1580894100,53787,Yushe,1580882400,D,26,26.0,2600.0,Cloudy,2,Falling,14,26,59,26.72,12.0,26,210.0,SSW,,2,46,15,0.0,,,Low,26,1,,,,,,,,,,,,,,
53787,observation,1580915700,53787,Yushe,1580904000,N,27,26.0,2600.0,Cloudy,1,Rising,14,27,59,26.73,14.0,21,220.0,SW,,4,31,15,0.0,,,Low,21,0,,,,,,,,,,,,,,
53787,observation,1580937300,53787,Yushe,1580925600,N,25,,,,0,Steady,18,25,75,26.76,6.0,19,220.0,SW,,4,28,15,0.0,,,Low,19,0,,,,,,,,,,,,,,
53787,observation,1580958900,53787,Yushe,1580947200,D,23,13.0,1401.0,Light Snow Shower,1,Rising,16,23,72,26.76,11.0,18,170.0,S,,4,28,15,0.0,,,Low,18,0,,,,,,,,,,,,,,
53787,observation,1580980500,53787,Yushe,1580968800,D,29,26.0,2600.0,Cloudy,2,Falling,20,29,68,26.7,9.0,24,210.0,SSW,,4,29,23,0.0,,,Low,24,1,,,,,,,,,,,,,,
53787,observation,1581002100,53787,Yushe,1580990400,N,29,26.0,2600.0,Cloudy,1,Rising,22,29,72,26.74,8.0,25,220.0,SW,,4,31,23,0.0,,,Low,25,0,,,,,,,,,,,,,,
53787,observation,1581023700,53787,Yushe,1581012000,N,29,,,,2,Falling,22,29,77,26.73,6.0,29,,CALM,,0,31,23,0.01,,,Low,29,0,,,,,,,,,,,,,,
53787,observation,1581045300,53787,Yushe,1581033600,D,28,26.0,2600.0,Cloudy,1,Rising,25,28,88,26.75,4.0,28,190.0,S,,2,31,23,0.0,,,Low,28,0,,,,,,,,,,,,,,
53787,observation,1581066900,53787,Yushe,1581055200,D,38,34.0,3400.0,Fair,2,Falling,23,38,55,26.7,10.0,35,270.0,W,,4,38,28,0.0,,,Moderate,35,3,,,,,,,,,,,,,,
53787,observation,1581088500,53787,Yushe,1581076800,N,29,33.0,3300.0,Fair,1,Rising,22,29,72,26.75,9.0,23,80.0,E,,7,42,28,0.0,,,Low,23,0,,,,,,,,,,,,,,
53787,observation,1581110100,53787,Yushe,1581098400,N,21,,,,1,Rising,19,21,91,26.81,5.0,15,50.0,NE,,4,42,21,0.0,,,Low,15,0,,,,,,,,,,,,,,
53787,observation,1581131700,53787,Yushe,1581120000,D,16,34.0,3400.0,Fair,1,Rising,15,16,93,26.85,3.0,16,50.0,NE,,2,42,16,0.0,,,Low,16,0,,,,,,,,,,,,,,
53787,observation,1581153300,53787,Yushe,1581141600,D,46,34.0,3400.0,Fair,2,Falling,15,46,28,26.79,16.0,44,310.0,NW,,4,46,16,0.0,,,Low,44,2,,,,,,,,,,,,,,
53787,observation,1581174900,53787,Yushe,1581163200,N,31,33.0,3300.0,Fair,1,Rising,11,31,44,26.81,18.0,24,70.0,ENE,,7,48,16,0.0,,,Low,24,0,,,,,,,,,,,,,,
53787,observation,1581196500,53787,Yushe,1581184800,N,21,,,,2,Falling,12,21,69,26.84,13.0,15,60.0,ENE,,4,48,16,0.0,,,Low,15,0,,,,,,,,,,,,,,
53787,observation,1581218100,53787,Yushe,1581206400,D,15,34.0,3400.0,Fair,2,Falling,12,15,85,26.8,9.0,15,300.0,WNW,,2,48,15,0.0,,,Low,15,0,,,,,,,,,,,,,,
53787,observation,1581239700,53787,Yushe,1581228000,D,49,34.0,3400.0,Fair,2,Falling,10,49,20,26.68,18.0,46,210.0,SSW,,7,49,15,0.0,,,Moderate,46,3,,,,,,,,,,,,,,
53787,observation,1581261300,53787,Yushe,1581249600,N,34,33.0,3300.0,Fair,1,Rising,11,34,39,26.64,18.0,28,120.0,ESE,,7,53,15,0.0,,,Low,28,0,,,,,,,,,,,,,,
53787,observation,1581282900,53787,Yushe,1581271200,N,22,,,,2,Falling,10,22,60,26.64,18.0,22,330.0,NNW,,2,53,15,0.0,,,Low,22,0,,,,,,,,,,,,,,
53787,observation,1581304500,53787,Yushe,1581292800,D,15,34.0,3400.0,Fair,1,Rising,8,15,75,26.62,18.0,15,350.0,N,,2,53,14,0.0,,,Low,15,0,,,,,,,,,,,,,,
53787,observation,1581326100,53787,Yushe,1581314400,D,55,34.0,3400.0,Fair,2,Falling,0,55,10,26.5,18.0,55,350.0,N,,4,55,14,0.0,,,Moderate,55,3,,,,,,,,,,,,,,
53787,observation,1581347700,53787,Yushe,1581336000,N,36,33.0,3300.0,Fair,1,Rising,6,36,29,26.52,18.0,29,60.0,ENE,,9,58,14,0.0,,,Low,29,0,,,,,,,,,,,,,,
53787,observation,1581369300,53787,Yushe,1581357600,N,22,,,,2,Falling,8,22,55,26.54,18.0,22,40.0,NE,,2,58,14,0.0,,,Low,22,0,,,,,,,,,,,,,,
53787,observation,1581390900,53787,Yushe,1581379200,D,18,,,,1,Rising,8,18,64,26.53,18.0,18,30.0,NNE,,2,58,15,0.0,,,Low,18,0,,,,,,,,,,,,,,
53787,observation,1581412500,53787,Yushe,1581400800,D,56,34.0,3400.0,Fair,2,Falling,2,56,11,26.45,18.0,56,300.0,WNW,,2,58,17,0.0,,,Low,56,2,,,,,,,,,,,,,,
53787,observation,1581434100,53787,Yushe,1581422400,N,36,33.0,3300.0,Fair,1,Rising,10,36,34,26.48,18.0,30,70.0,ENE,,7,58,17,0.0,,,Low,30,0,,,,,,,,,,,,,,
53787,observation,1581455700,53787,Yushe,1581444000,N,24,,,,1,Rising,10,24,55,26.5,18.0,24,20.0,NNE,,2,58,17,0.0,,,Low,24,0,,,,,,,,,,,,,,
53787,observation,1581477300,53787,Yushe,1581465600,D,19,34.0,3400.0,Fair,1,Rising,11,19,70,26.5,18.0,19,350.0,N,,2,58,18,0.0,,,Low,19,0,,,,,,,,,,,,,,
53787,observation,1581498900,53787,Yushe,1581487200,D,57,34.0,3400.0,Fair,2,Falling,17,57,21,26.39,18.0,57,230.0,SW,,7,58,18,0.0,,,Moderate,57,3,,,,,,,,,,,,,,
53787,observation,1581520500,53787,Yushe,1581508800,N,40,33.0,3300.0,Fair,1,Rising,17,40,39,26.39,18.0,35,60.0,ENE,,9,59,18,0.0,,,Low,35,0,,,,,,,,,,,,,,
53787,observation,1581542100,53787,Yushe,1581530400,N,27,,,,2,Falling,17,27,66,26.4,18.0,27,330.0,NNW,,2,59,18,0.0,,,Low,27,0,,,,,,,,,,,,,,
53787,observation,1581563700,53787,Yushe,1581552000,D,22,34.0,3400.0,Fair,0,Steady,19,22,85,26.38,13.0,22,10.0,N,,2,59,19,0.0,,,Low,22,0,,,,,,,,,,,,,,
53787,observation,1581585300,53787,Yushe,1581573600,D,63,34.0,3400.0,Fair,2,Falling,22,63,21,26.23,18.0,63,190.0,S,,13,64,22,0.0,,,Moderate,63,3,,,,,,,,,,,,,,
53787,observation,1581606900,53787,Yushe,1581595200,N,50,33.0,3300.0,Fair,1,Rising,22,50,34,26.28,18.0,50,40.0,NE,,4,64,22,0.0,,,Low,50,0,,,,,,,,,,,,,,
53787,observation,1581628500,53787,Yushe,1581616800,N,36,,,,1,Rising,23,36,61,26.36,18.0,36,350.0,N,,2,64,22,0.0,,,Low,36,0,,,,,,,,,,,,,,
53787,observation,1581650100,53787,Yushe,1581638400,D,36,28.0,2800.0,Mostly Cloudy,1,Rising,11,36,37,26.51,17.0,29,20.0,NNE,,9,64,23,0.0,,,Low,29,0,,,,,,,,,,,,,,
53787,observation,1581671700,53787,Yushe,1581660000,D,40,26.0,2600.0,Cloudy,2,Falling,-7,40,14,26.58,18.0,34,330.0,NNW,,9,64,34,0.0,,,Low,34,1,,,,,,,,,,,,,,
53787,observation,1581693300,53787,Yushe,1581681600,N,33,29.0,2900.0,Partly Cloudy,1,Rising,5,33,31,26.71,18.0,25,350.0,N,,11,50,33,0.0,,,Low,25,0,,,,,,,,,,,,,,
53787,observation,1581714900,53787,Yushe,1581703200,N,23,,,,1,Rising,-1,23,35,26.82,18.0,13,340.0,NNW,,9,42,23,0.0,,,Low,13,0,,,,,,,,,,,,,,
53787,observation,1581736500,53787,Yushe,1581724800,D,15,34.0,3400.0,Fair,1,Rising,-2,15,48,26.86,18.0,3,360.0,N,,9,41,15,0.0,,,Low,3,0,,,,,,,,,,,,,,
53787,observation,1581758100,53787,Yushe,1581746400,D,26,34.0,3400.0,Fair,2,Falling,-14,26,17,26.77,18.0,13,340.0,NNW,,16,41,14,0.0,,,Moderate,13,3,,,,,,,,,,,,,,
53787,observation,1581779700,53787,Yushe,1581768000,N,21,33.0,3300.0,Fair,1,Rising,-9,21,26,26.8,18.0,11,350.0,N,,9,33,14,0.0,,,Low,11,0,,,,,,,,,,,,,,
53787,observation,1581801300,53787,Yushe,1581789600,N,17,,,,2,Falling,-7,17,34,26.78,18.0,8,340.0,NNW,,7,29,14,0.0,,,Low,8,0,,,,,,,,,,,,,,
53787,observation,1581822900,53787,Yushe,1581811200,D,13,34.0,3400.0,Fair,1,Rising,-5,13,45,26.79,18.0,13,70.0,ENE,,2,29,11,0.0,,,Low,13,0,,,,,,,,,,,,,,
53787,observation,1581844500,53787,Yushe,1581832800,D,31,34.0,3400.0,Fair,2,Falling,-5,31,22,26.72,18.0,22,10.0,N,,11,31,11,0.0,,,Moderate,22,3,,,,,,,,,,,,,,
53787,observation,1581866100,53787,Yushe,1581854400,N,24,33.0,3300.0,Fair,1,Rising,-2,24,33,26.77,18.0,18,80.0,E,,4,34,11,0.0,,,Low,18,0,,,,,,,,,,,,,,
53787,observation,1581887700,53787,Yushe,1581876000,N,22,,,,1,Rising,1,22,40,26.83,18.0,15,60.0,ENE,,4,34,11,0.0,,,Low,15,0,,,,,,,,,,,,,,
53787,observation,1581909300,53787,Yushe,1581897600,D,18,34.0,3400.0,Fair,1,Rising,2,18,50,26.86,18.0,18,110.0,ESE,,2,34,12,0.0,,,Low,18,0,,,,,,,,,,,,,,
53787,observation,1581930900,53787,Yushe,1581919200,D,41,34.0,3400.0,Fair,2,Falling,-9,41,12,26.81,18.0,36,360.0,N,,9,41,12,0.0,,,Moderate,36,3,,,,,,,,,,,,,,
53787,observation,1581952500,53787,Yushe,1581940800,N,29,33.0,3300.0,Fair,1,Rising,-5,29,23,26.8,18.0,22,70.0,ENE,,7,46,12,0.0,,,Low,22,0,,,,,,,,,,,,,,
53787,observation,1581974100,53787,Yushe,1581962400,N,17,,,,2,Falling,-3,17,41,26.8,18.0,17,50.0,NE,,2,46,12,0.0,,,Low,17,0,,,,,,,,,,,,,,
53787,observation,1581995700,53787,Yushe,1581984000,D,13,34.0,3400.0,Fair,1,Rising,-1,13,54,26.78,18.0,5,50.0,NE,,4,46,11,0.0,,,Low,5,0,,,,,,,,,,,,,,
53787,observation,1582017300,53787,Yushe,1582005600,D,48,28.0,2800.0,Mostly Cloudy,2,Falling,-2,48,12,26.64,18.0,46,210.0,SSW,,4,48,11,0.0,,,Low,46,2,,,,,,,,,,,,,,
53787,observation,1582038900,53787,Yushe,1582027200,N,33,33.0,3300.0,Fair,1,Rising,0,33,25,26.62,18.0,27,70.0,ENE,,7,50,11,0.0,,,Low,27,0,,,,,,,,,,,,,,
53787,observation,1582060500,53787,Yushe,1582048800,N,22,,,,2,Falling,1,22,41,26.64,18.0,22,20.0,NNE,,2,50,11,0.0,,,Low,22,0,,,,,,,,,,,,,,
53787,observation,1582092900,53787,Yushe,1582070400,D,17,28.0,2800.0,Mostly Cloudy,1,Rising,4,17,55,26.65,18.0,17,30.0,NNE,,2,50,13,0.0,,,Low,17,0,,,,,,,,,,,,,,
53787,observation,1582114500,53787,Yushe,1582092000,D,50,30.0,3000.0,Partly Cloudy,2,Falling,1,50,13,26.58,18.0,50,250.0,WSW,,7,51,16,0.0,,,Low,50,2,,,,,,,,,,,,,,
53787,observation,1582136100,53787,Yushe,1582113600,N,35,33.0,3300.0,Fair,1,Rising,4,35,28,26.64,18.0,29,70.0,ENE,,7,53,16,0.0,,,Low,29,0,,,,,,,,,,,,,,
53787,observation,1582157700,53787,Yushe,1582135200,N,22,,,,1,Rising,6,22,50,26.72,18.0,16,40.0,NE,,4,53,16,0.0,,,Low,16,0,,,,,,,,,,,,,,
53787,observation,1582179300,53787,Yushe,1582156800,D,20,28.0,2800.0,Mostly Cloudy,1,Rising,8,20,60,26.76,18.0,13,70.0,ENE,,4,53,17,0.0,,,Low,13,0,,,,,,,,,,,,,,
53787,observation,1582200900,53787,Yushe,1582178400,D,42,26.0,2600.0,Cloudy,2,Falling,16,42,36,26.74,18.0,38,210.0,SSW,,7,53,18,0.0,,,Low,38,1,,,,,,,,,,,,,,
53787,observation,1582222500,53787,Yushe,1582200000,N,34,13.0,1401.0,Light Snow Shower,1,Rising,31,34,90,26.79,4.0,34,40.0,NE,,2,43,18,0.0,,,Low,34,0,,,,,,,,,,,,,,
53787,observation,1582244100,53787,Yushe,1582221600,N,26,,,,2,Falling,24,26,94,26.8,8.0,18,70.0,ENE,,7,43,18,0.0,,,Low,18,0,,,,,,,,,,,,,,
53787,observation,1582265700,53787,Yushe,1582243200,D,20,34.0,3400.0,Fair,1,Rising,17,20,85,26.8,18.0,14,70.0,ENE,,4,43,20,0.0,,,Low,14,0,,,,,,,,,,,,,,
53787,observation,1582287300,53787,Yushe,1582264800,D,45,34.0,3400.0,Fair,2,Falling,6,45,20,26.71,18.0,40,290.0,WNW,,11,45,20,0.0,,,Moderate,40,3,,,,,,,,,,,,,,
53787,observation,1582308900,53787,Yushe,1582286400,N,35,33.0,3300.0,Fair,1,Rising,12,35,39,26.81,18.0,29,300.0,WNW,,7,46,20,0.0,,,Low,29,0,,,,,,,,,,,,,,
53787,observation,1582330500,53787,Yushe,1582308000,N,23,,,,1,Rising,7,23,51,26.85,18.0,23,80.0,E,,2,46,20,0.0,,,Low,23,0,,,,,,,,,,,,,,
53787,observation,1582352100,53787,Yushe,1582329600,D,17,34.0,3400.0,Fair,1,Rising,2,17,51,26.89,18.0,17,80.0,E,,2,46,15,0.0,,,Low,17,0,,,,,,,,,,,,,,
53787,observation,1582373700,53787,Yushe,1582351200,D,46,34.0,3400.0,Fair,2,Falling,-4,46,12,26.79,18.0,42,230.0,SW,,7,46,15,0.0,,,Moderate,42,4,,,,,,,,,,,,,,
53787,observation,1582395300,53787,Yushe,1582372800,N,35,33.0,3300.0,Fair,1,Rising,-1,35,22,26.75,18.0,29,60.0,ENE,,7,50,15,0.0,,,Low,29,0,,,,,,,,,,,,,,
53787,observation,1582416900,53787,Yushe,1582394400,N,23,,,,2,Falling,2,23,41,26.73,18.0,23,60.0,ENE,,2,50,15,0.0,,,Low,23,0,,,,,,,,,,,,,,
53787,observation,1582438500,53787,Yushe,1582416000,D,20,34.0,3400.0,Fair,2,Falling,6,20,54,26.66,18.0,20,40.0,NE,,2,50,17,0.0,,,Low,20,0,,,,,,,,,,,,,,
53787,observation,1582460100,53787,Yushe,1582437600,D,56,34.0,3400.0,Fair,2,Falling,21,56,25,26.52,18.0,56,230.0,SW,,7,56,18,0.0,,,Moderate,56,4,,,,,,,,,,,,,,
53787,observation,1582481700,53787,Yushe,1582459200,N,45,33.0,3300.0,Fair,1,Rising,21,45,38,26.5,18.0,41,70.0,ENE,,7,62,18,0.0,,,Low,41,0,,,,,,,,,,,,,,
53787,observation,1582503300,53787,Yushe,1582480800,N,32,,,,2,Falling,22,32,64,26.5,18.0,32,10.0,N,,2,62,18,0.0,,,Low,32,0,,,,,,,,,,,,,,
53787,observation,1582524900,53787,Yushe,1582502400,D,33,26.0,2600.0,Cloudy,1,Rising,23,33,66,26.44,18.0,33,250.0,WSW,,2,62,20,0.0,,,Low,33,0,,,,,,,,,,,,,,
53787,observation,1582546500,53787,Yushe,1582524000,D,40,26.0,2600.0,Cloudy,2,Falling,35,40,84,26.41,10.0,40,290.0,WNW,,2,62,31,0.04,,,Low,40,2,,,,,,,,,,,,,,
53787,observation,1582568100,53787,Yushe,1582545600,N,40,27.0,2700.0,Mostly Cloudy,1,Rising,38,40,93,26.47,6.0,40,70.0,ENE,,2,45,31,0.04,,,Low,40,0,,,,,,,,,,,,,,
53787,observation,1582589700,53787,Yushe,1582567200,N,32,33.0,3300.0,Fair,1,Rising,32,32,98,26.53,3.0,32,70.0,ENE,,2,41,31,0.03,,,Low,32,0,,,,,,,,,,,,,,
53787,observation,1582611300,53787,Yushe,1582588800,D,28,26.0,2600.0,Cloudy,1,Rising,28,28,99,26.57,4.0,28,110.0,ESE,,2,41,26,0.03,,,Low,28,0,,,,,,,,,,,,,,
53787,observation,1582632900,53787,Yushe,1582610400,D,59,34.0,3400.0,Fair,2,Falling,29,59,32,26.53,18.0,59,220.0,SW,,4,59,26,0.0,,,Moderate,59,4,,,,,,,,,,,,,,
53787,observation,1582654500,53787,Yushe,1582632000,N,43,33.0,3300.0,Fair,1,Rising,15,43,31,26.58,18.0,41,80.0,E,,4,62,26,0.0,,,Low,41,0,,,,,,,,,,,,,,
53787,observation,1582676100,53787,Yushe,1582653600,N,32,,,,1,Rising,26,32,78,26.67,6.0,25,60.0,ENE,,7,62,26,0.0,,,Low,25,0,,,,,,,,,,,,,,
53787,observation,1582697700,53787,Yushe,1582675200,D,34,26.0,2600.0,Cloudy,1,Rising,25,34,68,26.74,10.0,34,70.0,ENE,,2,62,28,0.0,,,Low,34,0,,,,,,,,,,,,,,
53787,observation,1582719300,53787,Yushe,1582696800,D,40,26.0,2600.0,Cloudy,2,Falling,36,40,87,26.74,3.0,37,240.0,WSW,,4,62,30,0.0,,,Low,37,2,,,,,,,,,,,,,,
53787,observation,1582740900,53787,Yushe,1582718400,N,39,,,,1,Rising,33,39,79,26.77,8.0,39,110.0,ESE,,2,43,30,0.0,,,Low,39,0,,,,,,,,,,,,,,
53787,observation,1582762500,53787,Yushe,1582740000,N,34,13.0,1401.0,Light Snow Shower,2,Falling,34,34,97,26.78,3.0,34,240.0,WSW,,2,41,30,0.01,,,Low,34,0,,,,,,,,,,,,,,
53787,observation,1582784100,53787,Yushe,1582761600,D,33,13.0,1401.0,Light Snow Shower,2,Falling,33,33,99,26.75,2.0,33,220.0,SW,,2,41,33,0.05,,,Low,33,0,,,,,,,,,,,,,,
53787,observation,1582805700,53787,Yushe,1582783200,D,34,13.0,1401.0,Light Snow Shower,2,Falling,34,34,99,26.69,3.0,30,220.0,SW,,4,41,33,0.08,,,Low,30,2,,,,,,,,,,,,,,
53787,observation,1582827300,53787,Yushe,1582804800,N,32,13.0,1401.0,Light Snow Shower,2,Falling,32,32,100,26.63,2.0,32,220.0,SW,,2,39,32,0.31,,,Low,32,0,,,,,,,,,,,,,,
53787,observation,1582848900,53787,Yushe,1582826400,N,32,33.0,3300.0,Fair,2,Falling,32,32,100,26.57,3.0,32,,CALM,,0,35,32,0.38,,,Low,32,0,,,,,,,,,,,,,,
53787,observation,1582870500,53787,Yushe,1582848000,D,32,26.0,2600.0,Cloudy,1,Rising,32,32,100,26.54,3.0,32,,CALM,,0,35,32,0.34,,,Low,32,0,,,,,,,,,,,,,,
53787,observation,1582892100,53787,Yushe,1582869600,D,40,28.0,2800.0,Mostly Cloudy,2,Falling,37,40,89,26.49,3.0,35,240.0,WSW,,7,41,32,0.31,,,Low,35,2,,,,,,,,,,,,,,
53787,observation,1582913700,53787,Yushe,1582891200,N,35,33.0,3300.0,Fair,1,Rising,34,35,95,26.49,5.0,31,70.0,ENE,,4,43,32,0.08,,,Low,31,0,,,,,,,,,,,,,,
53787,observation,1582935300,53787,Yushe,1582912800,N,30,20.0,2000.0,Fog,2,Falling,30,30,100,26.46,0.19,30,60.0,ENE,,2,43,30,0.0,,,Low,30,0,,,,,,,,,,,,,,
53787,observation,1582956900,53787,Yushe,1582934400,D,26,20.0,2000.0,Fog,1,Rising,26,26,100,26.45,0.25,21,50.0,NE,,4,43,26,0.0,,,Low,21,0,,,,,,,,,,,,,,
53787,observation,1582978500,53787,Yushe,1582956000,D,50,34.0,3400.0,Fair,2,Falling,30,50,46,26.41,18.0,50,240.0,WSW,,4,50,26,0.0,,,Moderate,50,3,,,,,,,,,,,,,,
53787,observation,1583000100,53787,Yushe,1582977600,N,49,33.0,3300.0,Fair,1,Rising,29,49,47,26.47,18.0,49,40.0,NE,,2,59,26,0.0,,,Low,49,0,,,,,,,,,,,,,,
53787,observation,1583021700,53787,Yushe,1582999200,N,43,,,,1,Rising,18,43,37,26.57,18.0,40,10.0,N,,4,59,26,0.0,,,Low,40,0,,,,,,,,,,,,,,
53787,observation,1583043300,53787,Yushe,1583020800,D,37,34.0,3400.0,Fair,1,Rising,3,37,25,26.68,18.0,30,10.0,N,,9,59,26,0.0,,,Low,30,0,,,,,,,,,,,,,,
53787,observation,1583064900,53787,Yushe,1583042400,D,46,34.0,3400.0,Fair,2,Falling,-2,46,14,26.64,18.0,42,360.0,N,,7,59,36,0.0,,,Moderate,42,4,,,,,,,,,,,,,,
53787,observation,1583086500,53787,Yushe,1583064000,N,36,29.0,2900.0,Partly Cloudy,1,Rising,5,36,27,26.67,18.0,31,70.0,ENE,,7,49,36,0.0,,,Low,31,0,,,,,,,,,,,,,,
53787,observation,1583108100,53787,Yushe,1583085600,N,28,,,,2,Falling,13,28,53,26.69,18.0,23,60.0,ENE,,4,49,28,0.0,,,Low,23,0,,,,,,,,,,,,,,
53787,observation,1583129700,53787,Yushe,1583107200,D,33,26.0,2600.0,Cloudy,1,Rising,24,33,69,26.68,3.0,33,240.0,WSW,,2,49,27,0.0,,,Low,33,0,,,,,,,,,,,,,,
53787,observation,1583151300,53787,Yushe,1583128800,D,42,28.0,2800.0,Mostly Cloudy,2,Falling,29,42,59,26.56,13.0,35,170.0,S,,13,49,27,0.0,,,Low,35,2,,,,,,,,,,,,,,
53787,observation,1583172900,53787,Yushe,1583150400,N,36,33.0,3300.0,Fair,1,Rising,30,36,77,26.56,18.0,29,190.0,S,,11,44,27,0.0,,,Low,29,0,,,,,,,,,,,,,,
53787,observation,1583194500,53787,Yushe,1583172000,N,33,,,,1,Rising,26,33,77,26.64,15.0,25,330.0,NNW,,9,44,27,0.0,,,Low,25,0,,,,,,,,,,,,,,
53787,observation,1583216100,53787,Yushe,1583193600,D,30,34.0,3400.0,Fair,1,Rising,2,30,31,26.71,18.0,30,50.0,NE,,2,44,26,0.0,,,Low,30,0,,,,,,,,,,,,,,
53787,observation,1583237700,53787,Yushe,1583215200,D,42,34.0,3400.0,Fair,2,Falling,-5,42,14,26.65,18.0,35,340.0,NNW,,11,43,26,0.0,,,Moderate,35,4,,,,,,,,,,,,,,
53787,observation,1583259300,53787,Yushe,1583236800,N,33,33.0,3300.0,Fair,1,Rising,6,33,32,26.66,18.0,29,110.0,ESE,,4,46,26,0.0,,,Low,29,0,,,,,,,,,,,,,,
53787,observation,1583280900,53787,Yushe,1583258400,N,23,,,,1,Rising,8,23,54,26.7,18.0,17,50.0,NE,,4,46,23,0.0,,,Low,17,0,,,,,,,,,,,,,,
53787,observation,1583302500,53787,Yushe,1583280000,D,20,28.0,2800.0,Mostly Cloudy,1,Rising,11,20,70,26.75,18.0,20,320.0,NW,,2,46,18,0.0,,,Low,20,0,,,,,,,,,,,,,,
53787,observation,1583324100,53787,Yushe,1583301600,D,42,34.0,3400.0,Fair,2,Falling,17,42,35,26.69,18.0,40,210.0,SSW,,4,46,18,0.0,,,Moderate,40,4,,,,,,,,,,,,,,
53787,observation,1583345700,53787,Yushe,1583323200,N,33,33.0,3300.0,Fair,1,Rising,17,33,51,26.68,18.0,33,70.0,ENE,,2,45,18,0.0,,,Low,33,0,,,,,,,,,,,,,,
53787,observation,1583367300,53787,Yushe,1583344800,N,26,,,,2,Falling,13,26,60,26.7,18.0,20,90.0,E,,4,45,18,0.0,,,Low,20,0,,,,,,,,,,,,,,
53787,observation,1583388900,53787,Yushe,1583366400,D,31,34.0,3400.0,Fair,2,Falling,17,31,58,26.65,18.0,26,210.0,SSW,,4,45,20,0.0,,,Low,26,0,,,,,,,,,,,,,,
53787,observation,1583410500,53787,Yushe,1583388000,D,49,34.0,3400.0,Fair,2,Falling,23,49,36,26.5,18.0,45,180.0,S,,9,49,25,0.0,,,Moderate,45,4,,,,,,,,,,,,,,
53787,observation,1583432100,53787,Yushe,1583409600,N,44,33.0,3300.0,Fair,1,Rising,25,44,48,26.47,18.0,39,180.0,S,,9,51,25,0.0,,,Low,39,0,,,,,,,,,,,,,,
53787,observation,1583453700,53787,Yushe,1583431200,N,33,,,,2,Falling,28,33,81,26.46,6.0,33,80.0,E,,2,51,25,0.0,,,Low,33,0,,,,,,,,,,,,,,
53787,observation,1583475300,53787,Yushe,1583452800,D,27,28.0,2800.0,Mostly Cloudy,1,Rising,25,27,95,26.43,4.0,27,360.0,N,,2,51,26,0.0,,,Low,27,0,,,,,,,,,,,,,,
53787,observation,1583496900,53787,Yushe,1583474400,D,53,28.0,2800.0,Mostly Cloudy,2,Falling,32,53,44,26.32,10.0,53,220.0,SW,,11,53,26,0.0,,,Low,53,2,,,,,,,,,,,,,,
53787,observation,1583518500,53787,Yushe,1583496000,N,50,33.0,3300.0,Fair,1,Rising,17,50,26,26.38,18.0,50,290.0,WNW,,7,58,26,0.0,,,Low,50,0,,,,,,,,,,,,,,
53787,observation,1583540100,53787,Yushe,1583517600,N,31,,,,1,Rising,11,31,43,26.46,18.0,27,50.0,NE,,4,58,26,0.0,,,Low,27,0,,,,,,,,,,,,,,
53787,observation,1583561700,53787,Yushe,1583539200,D,26,34.0,3400.0,Fair,1,Rising,13,26,59,26.51,18.0,26,330.0,NNW,,2,58,23,0.0,,,Low,26,0,,,,,,,,,,,,,,
53787,observation,1583583300,53787,Yushe,1583560800,D,56,34.0,3400.0,Fair,2,Falling,6,56,13,26.43,18.0,56,280.0,W,,7,58,23,0.0,,,Moderate,56,5,,,,,,,,,,,,,,
53787,observation,1583604900,53787,Yushe,1583582400,N,47,33.0,3300.0,Fair,1,Rising,15,47,28,26.39,18.0,44,140.0,SE,,7,60,23,0.0,,,Low,44,0,,,,,,,,,,,,,,
53787,observation,1583626500,53787,Yushe,1583604000,N,30,,,,2,Falling,18,30,60,26.42,15.0,24,60.0,ENE,,7,60,23,0.0,,,Low,24,0,,,,,,,,,,,,,,
53787,observation,1583648100,53787,Yushe,1583625600,D,32,26.0,2600.0,Cloudy,1,Rising,21,32,65,26.4,11.0,32,,CALM,,0,60,26,0.0,,,Low,32,0,,,,,,,,,,,,,,
53787,observation,1583669700,53787,Yushe,1583647200,D,48,26.0,2600.0,Cloudy,2,Falling,28,48,46,26.34,10.0,46,220.0,SW,,4,60,29,0.0,,,Low,46,2,,,,,,,,,,,,,,
53787,observation,1583691300,53787,Yushe,1583668800,N,45,26.0,2600.0,Cloudy,1,Rising,34,45,66,26.37,6.0,41,40.0,NE,,7,49,29,0.0,,,Low,41,0,,,,,,,,,,,,,,
53787,observation,1583712900,53787,Yushe,1583690400,N,37,11.0,1101.0,Light Rain Shower,1,Rising,36,37,94,26.46,3.0,34,20.0,NNE,,4,49,29,0.01,,,Low,34,0,,,,,,,,,,,,,,
53787,observation,1583734500,53787,Yushe,1583712000,D,38,28.0,2800.0,Mostly Cloudy,1,Rising,32,38,80,26.51,14.0,34,30.0,NNE,,4,49,32,0.01,,,Low,34,0,,,,,,,,,,,,,,
53787,observation,1583756100,53787,Yushe,1583733600,D,50,28.0,2800.0,Mostly Cloudy,2,Falling,19,50,29,26.49,18.0,45,10.0,N,,13,51,37,0.01,,,Low,45,2,,,,,,,,,,,,,,
53787,observation,1583777700,53787,Yushe,1583755200,N,44,29.0,2900.0,Partly Cloudy,1,Rising,13,44,29,26.57,18.0,39,330.0,NNW,,9,52,37,0.01,,,Low,39,0,,,,,,,,,,,,,,
53787,observation,1583799300,53787,Yushe,1583776800,N,29,,,,2,Falling,11,29,46,26.62,18.0,22,60.0,ENE,,7,52,29,0.0,,,Low,22,0,,,,,,,,,,,,,,
53787,observation,1583820900,53787,Yushe,1583798400,D,28,34.0,3400.0,Fair,1,Rising,1,28,32,26.6,11.0,28,240.0,WSW,,2,52,23,0.0,,,Low,28,0,,,,,,,,,,,,,,
53787,observation,1583842500,53787,Yushe,1583820000,D,46,34.0,3400.0,Fair,2,Falling,-5,46,11,26.53,18.0,43,330.0,NNW,,7,52,23,0.0,,,Moderate,43,5,,,,,,,,,,,,,,
53787,observation,1583864100,53787,Yushe,1583841600,N,40,33.0,3300.0,Fair,1,Rising,-4,40,16,26.53,18.0,37,290.0,WNW,,4,49,23,0.0,,,Low,37,0,,,,,,,,,,,,,,
53787,observation,1583885700,53787,Yushe,1583863200,N,24,,,,2,Falling,4,24,41,26.52,18.0,24,230.0,SW,,2,49,23,0.0,,,Low,24,0,,,,,,,,,,,,,,
53787,observation,1583907300,53787,Yushe,1583884800,D,23,34.0,3400.0,Fair,1,Rising,8,23,52,26.51,18.0,23,,CALM,,0,49,18,0.0,,,Low,23,0,,,,,,,,,,,,,,
53787,observation,1583928900,53787,Yushe,1583906400,D,57,34.0,3400.0,Fair,2,Falling,8,57,14,26.4,18.0,57,210.0,SSW,,7,57,18,0.0,,,Moderate,57,5,,,,,,,,,,,,,,
53787,observation,1583950500,53787,Yushe,1583928000,N,46,33.0,3300.0,Fair,1,Rising,8,46,21,26.39,18.0,44,80.0,E,,4,62,18,0.0,,,Low,44,0,,,,,,,,,,,,,,
53787,observation,1583972100,53787,Yushe,1583949600,N,32,,,,2,Falling,11,32,43,26.44,18.0,32,130.0,SE,,2,62,18,0.0,,,Low,32,0,,,,,,,,,,,,,,
53787,observation,1583993700,53787,Yushe,1583971200,D,29,28.0,2800.0,Mostly Cloudy,1,Rising,15,29,55,26.46,18.0,29,340.0,NNW,,2,62,23,0.0,,,Low,29,0,,,,,,,,,,,,,,
53787,observation,1584015300,53787,Yushe,1583992800,D,60,28.0,2800.0,Mostly Cloudy,2,Falling,1,60,9,26.42,18.0,60,360.0,N,,9,62,25,0.0,,,Low,60,2,,,,,,,,,,,,,,
53787,observation,1584036900,53787,Yushe,1584014400,N,48,26.0,2600.0,Cloudy,1,Rising,18,48,30,26.55,18.0,47,140.0,SE,,4,61,25,0.0,,,Low,47,0,,,,,,,,,,,,,,
53787,observation,1584058500,53787,Yushe,1584036000,N,38,,,,1,Rising,16,38,41,26.71,18.0,34,60.0,ENE,,4,61,25,0.0,,,Low,34,0,,,,,,,,,,,,,,
53787,observation,1584080100,53787,Yushe,1584057600,D,34,28.0,2800.0,Mostly Cloudy,1,Rising,18,34,52,26.77,18.0,34,80.0,E,,2,61,29,0.0,,,Low,34,0,,,,,,,,,,,,,,
53787,observation,1584101700,53787,Yushe,1584079200,D,47,28.0,2800.0,Mostly Cloudy,2,Falling,10,47,23,26.7,18.0,41,300.0,WNW,,11,61,33,0.0,,,Low,41,2,,,,,,,,,,,,,,
53787,observation,1584123300,53787,Yushe,1584100800,N,39,33.0,3300.0,Fair,1,Rising,-4,39,17,26.73,18.0,35,310.0,NW,,4,48,33,0.0,,,Low,35,0,,,,,,,,,,,,,,
53787,observation,1584144900,53787,Yushe,1584122400,N,22,,,,2,Falling,3,22,43,26.7,18.0,14,70.0,ENE,,7,47,22,0.0,,,Low,14,0,,,,,,,,,,,,,,
53787,observation,1584166500,53787,Yushe,1584144000,D,26,34.0,3400.0,Fair,1,Rising,6,26,42,26.67,18.0,26,60.0,ENE,,2,47,20,0.0,,,Low,26,0,,,,,,,,,,,,,,
53787,observation,1584188100,53787,Yushe,1584165600,D,52,34.0,3400.0,Fair,2,Falling,-1,52,11,26.57,18.0,52,310.0,NW,,11,52,20,0.0,,,Moderate,52,5,,,,,,,,,,,,,,
53787,observation,1584209700,53787,Yushe,1584187200,N,44,33.0,3300.0,Fair,1,Rising,2,44,18,26.57,18.0,42,320.0,NW,,4,54,20,0.0,,,Low,42,0,,,,,,,,,,,,,,
53787,observation,1584231300,53787,Yushe,1584208800,N,28,,,,2,Falling,6,28,39,26.6,18.0,21,60.0,ENE,,7,54,20,0.0,,,Low,21,0,,,,,,,,,,,,,,
53787,observation,1584252900,53787,Yushe,1584230400,D,28,34.0,3400.0,Fair,1,Rising,9,28,44,26.64,18.0,28,340.0,NNW,,2,54,25,0.0,,,Low,28,0,,,,,,,,,,,,,,
53787,observation,1584274500,53787,Yushe,1584252000,D,61,34.0,3400.0,Fair,2,Falling,8,61,12,26.55,18.0,61,310.0,NW,,7,61,25,0.0,,,Moderate,61,4,,,,,,,,,,,,,,
53787,observation,1584296100,53787,Yushe,1584273600,N,47,29.0,2900.0,Partly Cloudy,1,Rising,9,47,22,26.58,18.0,45,100.0,E,,4,62,25,0.0,,,Low,45,0,,,,,,,,,,,,,,
53787,observation,1584317700,53787,Yushe,1584295200,N,37,,,,1,Rising,12,37,36,26.63,18.0,37,70.0,ENE,,2,62,25,0.0,,,Low,37,0,,,,,,,,,,,,,,
53787,observation,1584339300,53787,Yushe,1584316800,D,34,28.0,2800.0,Mostly Cloudy,1,Rising,15,34,46,26.64,18.0,34,330.0,NNW,,2,62,28,0.0,,,Low,34,0,,,,,,,,,,,,,,
53787,observation,1584360900,53787,Yushe,1584338400,D,65,28.0,2800.0,Mostly Cloudy,2,Falling,7,65,10,26.53,18.0,65,320.0,NW,,4,65,32,0.0,,,Low,65,2,,,,,,,,,,,,,,
53787,observation,1584382500,53787,Yushe,1584360000,N,57,33.0,3300.0,Fair,1,Rising,3,57,11,26.54,18.0,57,270.0,W,,7,67,32,0.0,,,Low,57,0,,,,,,,,,,,,,,
53787,observation,1584404100,53787,Yushe,1584381600,N,34,,,,1,Rising,8,34,34,26.58,18.0,30,80.0,E,,4,67,32,0.0,,,Low,30,0,,,,,,,,,,,,,,
53787,observation,1584425700,53787,Yushe,1584403200,D,33,34.0,3400.0,Fair,1,Rising,9,33,37,26.62,18.0,33,330.0,NNW,,2,67,29,0.0,,,Low,33,0,,,,,,,,,,,,,,
53787,observation,1584447300,53787,Yushe,1584424800,D,66,34.0,3400.0,Fair,2,Falling,0,66,7,26.51,18.0,66,330.0,NNW,,9,67,29,0.0,,,Moderate,66,5,,,,,,,,,,,,,,
53787,observation,1584468900,53787,Yushe,1584446400,N,56,33.0,3300.0,Fair,1,Rising,2,56,11,26.48,18.0,56,290.0,WNW,,4,68,29,0.0,,,Low,56,0,,,,,,,,,,,,,,
53787,observation,1584490500,53787,Yushe,1584468000,N,34,,,,2,Falling,6,34,31,26.47,18.0,28,50.0,NE,,7,68,29,0.0,,,Low,28,0,,,,,,,,,,,,,,
53787,observation,1584512100,53787,Yushe,1584489600,D,32,34.0,3400.0,Fair,1,Rising,10,32,40,26.44,18.0,32,240.0,WSW,,2,68,26,0.0,,,Low,32,1,,,,,,,,,,,,,,
53787,observation,1584533700,53787,Yushe,1584511200,D,68,34.0,3490.0,Fair / Windy,2,Falling,-10,68,4,26.29,14.0,68,290.0,WNW,,20,68,26,0.0,,,Moderate,68,5,,,,,,,,,,,,,,
53787,observation,1584555300,53787,Yushe,1584532800,N,58,33.0,3300.0,Fair,1,Rising,2,58,10,26.38,18.0,58,330.0,NNW,,13,69,26,0.0,,,Low,58,0,,,,,,,,,,,,,,
53787,observation,1584576900,53787,Yushe,1584554400,N,43,,,,1,Rising,5,43,22,26.49,18.0,40,30.0,NNE,,4,69,26,0.0,,,Low,40,0,,,,,,,,,,,,,,
53787,observation,1584598500,53787,Yushe,1584576000,D,34,34.0,3400.0,Fair,1,Rising,6,34,31,26.54,18.0,30,70.0,ENE,,4,69,28,0.0,,,Low,30,1,,,,,,,,,,,,,,
53787,observation,1584620100,53787,Yushe,1584597600,D,61,34.0,3400.0,Fair,2,Falling,-7,61,6,26.46,18.0,61,90.0,E,,2,69,28,0.0,,,Moderate,61,5,,,,,,,,,,,,,,
53787,observation,1584663300,53787,Yushe,1584640800,N,36,,,,2,Falling,7,36,30,26.39,18.0,36,360.0,N,,2,65,28,0.0,,,Low,36,0,,,,,,,,,,,,,,
53787,observation,1584684900,53787,Yushe,1584662400,D,33,34.0,3400.0,Fair,1,Rising,10,33,39,26.38,18.0,33,360.0,N,,2,65,29,0.0,,,Low,33,1,,,,,,,,,,,,,,
53787,observation,1584706500,53787,Yushe,1584684000,D,72,34.0,3400.0,Fair,2,Falling,10,72,9,26.27,18.0,72,290.0,WNW,,9,72,29,0.0,,,High,72,6,,,,,,,,,,,,,,
53787,observation,1584728100,53787,Yushe,1584705600,N,62,33.0,3300.0,Fair,1,Rising,12,62,14,26.29,18.0,62,330.0,NNW,,4,73,29,0.0,,,Low,62,0,,,,,,,,,,,,,,
53787,observation,1584749700,53787,Yushe,1584727200,N,41,,,,2,Falling,15,41,36,26.35,18.0,41,60.0,ENE,,2,73,29,0.0,,,Low,41,0,,,,,,,,,,,,,,
53787,observation,1584771300,53787,Yushe,1584748800,D,41,28.0,2800.0,Mostly Cloudy,1,Rising,18,41,39,26.4,18.0,41,300.0,WNW,,2,73,33,0.0,,,Low,41,0,,,,,,,,,,,,,,
53787,observation,1584792900,53787,Yushe,1584770400,D,69,28.0,2800.0,Mostly Cloudy,2,Falling,14,69,12,26.36,18.0,69,340.0,NNW,,7,73,36,0.0,,,Moderate,69,3,,,,,,,,,,,,,,
53787,observation,1584814500,53787,Yushe,1584792000,N,62,27.0,2700.0,Mostly Cloudy,1,Rising,18,62,18,26.43,18.0,62,290.0,WNW,,4,71,36,0.0,,,Low,62,0,,,,,,,,,,,,,,
53787,observation,1584836100,53787,Yushe,1584813600,N,43,,,,1,Rising,19,43,39,26.52,18.0,40,310.0,NW,,4,71,36,0.0,,,Low,40,0,,,,,,,,,,,,,,
53787,observation,1584857700,53787,Yushe,1584835200,D,37,34.0,3400.0,Fair,1,Rising,22,37,56,26.61,18.0,37,330.0,NNW,,2,71,34,0.0,,,Low,37,1,,,,,,,,,,,,,,
53787,observation,1584879300,53787,Yushe,1584856800,D,66,34.0,3400.0,Fair,2,Falling,20,66,17,26.54,18.0,66,230.0,SW,,7,69,34,0.0,,,High,66,6,,,,,,,,,,,,,,
53787,observation,1584900900,53787,Yushe,1584878400,N,57,33.0,3300.0,Fair,1,Rising,22,57,25,26.54,18.0,57,110.0,ESE,,4,69,34,0.0,,,Low,57,0,,,,,,,,,,,,,,
53787,observation,1584922500,53787,Yushe,1584900000,N,39,,,,1,Rising,23,39,53,26.6,18.0,36,40.0,NE,,4,69,34,0.0,,,Low,36,0,,,,,,,,,,,,,,
53787,observation,1584944100,53787,Yushe,1584921600,D,36,34.0,3400.0,Fair,1,Rising,23,36,59,26.63,16.0,36,320.0,NW,,2,69,33,0.0,,,Low,36,1,,,,,,,,,,,,,,
53787,observation,1584965700,53787,Yushe,1584943200,D,70,34.0,3400.0,Fair,2,Falling,22,70,16,26.51,18.0,70,230.0,SW,,9,70,33,0.0,,,Moderate,70,5,,,,,,,,,,,,,,
53787,observation,1584987300,53787,Yushe,1584964800,N,60,33.0,3300.0,Fair,1,Rising,29,60,31,26.49,18.0,60,160.0,SSE,,13,71,33,0.0,,,Low,60,0,,,,,,,,,,,,,,
53787,observation,1585008900,53787,Yushe,1584986400,N,50,11.0,1101.0,Light Rain Shower,1,Rising,39,50,66,26.57,10.0,50,310.0,NW,,11,71,33,0.0,,,Low,50,0,,,,,,,,,,,,,,
53787,observation,1585030500,53787,Yushe,1585008000,D,41,34.0,3400.0,Fair,1,Rising,41,41,98,26.53,7.0,41,60.0,ENE,,2,71,36,0.15,,,Low,41,1,,,,,,,,,,,,,,
53787,observation,1585052100,53787,Yushe,1585029600,D,66,34.0,3400.0,Fair,2,Falling,41,66,40,26.41,18.0,66,170.0,S,,4,71,39,0.17,,,High,66,6,,,,,,,,,,,,,,
53787,observation,1585073700,53787,Yushe,1585051200,N,60,29.0,2900.0,Partly Cloudy,1,Rising,39,60,46,26.36,16.0,60,140.0,SE,,4,70,39,0.15,,,Low,60,0,,,,,,,,,,,,,,
53787,observation,1585095300,53787,Yushe,1585072800,N,47,,,,2,Falling,38,47,73,26.39,11.0,45,60.0,ENE,,4,70,39,0.15,,,Low,45,0,,,,,,,,,,,,,,
53787,observation,1585116900,53787,Yushe,1585094400,D,47,26.0,2600.0,Cloudy,1,Rising,42,47,84,26.35,8.0,47,300.0,WNW,,2,70,41,0.0,,,Low,47,0,,,,,,,,,,,,,,
53787,observation,1585138500,53787,Yushe,1585116000,D,67,34.0,3400.0,Fair,2,Falling,47,67,49,26.28,13.0,67,240.0,WSW,,7,70,45,0.0,,,Moderate,67,5,,,,,,,,,,,,,,
53787,observation,1585160100,53787,Yushe,1585137600,N,60,29.0,2900.0,Partly Cloudy,1,Rising,45,60,56,26.26,11.0,60,120.0,ESE,,4,70,45,0.0,,,Low,60,0,,,,,,,,,,,,,,
53787,observation,1585181700,53787,Yushe,1585159200,N,54,,,,1,Rising,50,54,86,26.35,4.0,54,140.0,SE,,4,70,45,0.0,,,Low,54,0,,,,,,,,,,,,,,
53787,observation,1585203300,53787,Yushe,1585180800,D,51,26.0,2600.0,Cloudy,1,Rising,43,51,75,26.42,5.0,51,340.0,NNW,,7,70,47,0.0,,,Low,51,0,,,,,,,,,,,,,,
53787,observation,1585224900,53787,Yushe,1585202400,D,40,11.0,1101.0,Light Rain Shower,1,Rising,39,40,97,26.55,11.0,33,360.0,N,,11,70,40,0.31,,,Low,33,2,,,,,,,,,,,,,,
53787,observation,1585246500,53787,Yushe,1585224000,N,38,33.0,3300.0,Fair,1,Rising,37,38,93,26.69,18.0,33,350.0,N,,7,60,38,0.42,,,Low,33,0,,,,,,,,,,,,,,
53787,observation,1585268100,53787,Yushe,1585245600,N,34,,,,1,Rising,27,34,77,26.74,18.0,30,10.0,N,,4,54,34,0.42,,,Low,30,0,,,,,,,,,,,,,,
53787,observation,1585278900,53787,Yushe,1585256400,N,30,,,,1,Rising,26,30,83,26.74,18.0,26,30.0,NNE,,4,54,30,0.42,,,Low,26,0,,,,,,,,,,,,,,
53787,observation,1585289700,53787,Yushe,1585267200,D,32,34.0,3400.0,Fair,1,Rising,29,32,90,26.77,18.0,32,20.0,NNE,,2,50,29,0.42,,,Low,32,1,,,,,,,,,,,,,,
53787,observation,1585300500,53787,Yushe,1585278000,D,43,34.0,3400.0,Fair,1,Rising,20,43,40,26.78,18.0,41,20.0,NNE,,4,43,29,0.38,,,Moderate,41,4,,,,,,,,,,,,,,
53787,observation,1585311300,53787,Yushe,1585288800,D,48,28.0,2800.0,Mostly Cloudy,2,Falling,17,48,29,26.71,18.0,45,330.0,NNW,,7,49,29,0.11,,,Moderate,45,3,,,,,,,,,,,,,,
53787,observation,1585322100,53787,Yushe,1585299600,D,47,28.0,2800.0,Mostly Cloudy,2,Falling,15,47,28,26.68,18.0,44,10.0,N,,7,49,29,0.03,,,Low,44,0,,,,,,,,,,,,,,
53787,observation,1585332900,53787,Yushe,1585310400,N,42,27.0,2700.0,Mostly Cloudy,1,Rising,20,42,41,26.7,18.0,40,360.0,N,,4,49,29,0.0,,,Low,40,0,,,,,,,,,,,,,,
53787,observation,1585354500,53787,Yushe,1585332000,N,30,,,,1,Rising,22,30,71,26.75,18.0,25,60.0,ENE,,4,49,29,0.0,,,Low,25,0,,,,,,,,,,,,,,
53787,observation,1585365300,53787,Yushe,1585342800,N,27,,,,2,Falling,21,27,80,26.75,18.0,27,70.0,ENE,,2,49,27,0.0,,,Low,27,0,,,,,,,,,,,,,,
53787,observation,1585376100,53787,Yushe,1585353600,D,31,34.0,3400.0,Fair,1,Rising,22,31,70,26.76,18.0,31,40.0,NE,,2,49,26,0.0,,,Low,31,1,,,,,,,,,,,,,,
53787,observation,1585386900,53787,Yushe,1585364400,D,43,28.0,2800.0,Mostly Cloudy,2,Falling,20,43,40,26.74,18.0,38,240.0,WSW,,9,49,26,0.0,,,Moderate,38,3,,,,,,,,,,,,,,
53787,observation,1585397700,53787,Yushe,1585375200,D,47,28.0,2800.0,Mostly Cloudy,2,Falling,21,47,36,26.63,18.0,43,220.0,SW,,9,49,26,0.0,,,Moderate,43,3,,,,,,,,,,,,,,
53787,observation,1585408500,53787,Yushe,1585386000,D,49,28.0,2800.0,Mostly Cloudy,2,Falling,21,49,33,26.55,18.0,47,200.0,SSW,,4,51,26,0.0,,,Low,47,0,,,,,,,,,,,,,,
53787,observation,1585419300,53787,Yushe,1585396800,N,45,27.0,2700.0,Mostly Cloudy,1,Rising,19,45,36,26.56,18.0,40,150.0,SSE,,9,51,26,0.0,,,Low,40,0,,,,,,,,,,,,,,
53787,observation,1585440900,53787,Yushe,1585418400,N,37,,,,2,Falling,16,37,43,26.6,18.0,37,170.0,S,,2,51,26,0.0,,,Low,37,0,,,,,,,,,,,,,,
53787,observation,1585451700,53787,Yushe,1585429200,N,32,,,,2,Falling,19,32,61,26.55,18.0,27,40.0,NE,,4,51,26,0.0,,,Low,27,0,,,,,,,,,,,,,,
53787,observation,1585462500,53787,Yushe,1585440000,D,34,30.0,3000.0,Partly Cloudy,1,Rising,21,34,60,26.57,18.0,34,120.0,ESE,,2,51,30,0.0,,,Low,34,0,,,,,,,,,,,,,,
53787,observation,1585473300,53787,Yushe,1585450800,D,46,34.0,3400.0,Fair,0,Steady,19,46,35,26.57,18.0,43,230.0,SW,,4,51,30,0.0,,,Moderate,43,5,,,,,,,,,,,,,,
53787,observation,1585484100,53787,Yushe,1585461600,D,55,34.0,3400.0,Fair,2,Falling,15,55,20,26.48,18.0,55,200.0,SSW,,4,55,30,0.0,,,High,55,6,,,,,,,,,,,,,,
53787,observation,1585494900,53787,Yushe,1585472400,D,58,34.0,3400.0,Fair,2,Falling,16,58,19,26.41,18.0,58,260.0,W,,2,59,30,0.0,,,Low,58,1,,,,,,,,,,,,,,
53787,observation,1585505700,53787,Yushe,1585483200,N,51,33.0,3300.0,Fair,1,Rising,18,51,27,26.44,18.0,51,170.0,S,,9,59,30,0.0,,,Low,51,0,,,,,,,,,,,,,,
53787,observation,1585527300,53787,Yushe,1585504800,N,33,,,,1,Rising,26,33,73,26.53,12.0,33,70.0,ENE,,2,59,30,0.0,,,Low,33,0,,,,,,,,,,,,,,
53787,observation,1585538100,53787,Yushe,1585515600,N,31,,,,2,Falling,26,31,81,26.51,9.0,27,50.0,NE,,4,59,30,0.0,,,Low,27,0,,,,,,,,,,,,,,
53787,observation,1585548900,53787,Yushe,1585526400,D,34,28.0,2800.0,Mostly Cloudy,1,Rising,28,34,80,26.54,9.0,34,190.0,S,,2,59,30,0.0,,,Low,34,0,,,,,,,,,,,,,,
53787,observation,1585559700,53787,Yushe,1585537200,D,52,34.0,3400.0,Fair,2,Falling,28,52,40,26.53,15.0,52,270.0,W,,2,59,30,0.0,,,Moderate,52,5,,,,,,,,,,,,,,
53787,observation,1585570500,53787,Yushe,1585548000,D,60,34.0,3400.0,Fair,2,Falling,19,60,20,26.46,18.0,60,220.0,SW,,4,62,30,0.0,,,Moderate,60,5,,,,,,,,,,,,,,
53787,observation,1585581300,53787,Yushe,1585558800,D,62,28.0,2800.0,Mostly Cloudy,2,Falling,18,62,18,26.42,18.0,62,250.0,WSW,,4,63,30,0.0,,,Low,62,0,,,,,,,,,,,,,,
53787,observation,1585592100,53787,Yushe,1585569600,N,53,27.0,2700.0,Mostly Cloudy,1,Rising,24,53,33,26.46,18.0,53,130.0,SE,,4,63,30,0.0,,,Low,53,0,,,,,,,,,,,,,,
53787,observation,1585613700,53787,Yushe,1585591200,N,45,,,,0,Steady,32,45,60,26.51,15.0,42,150.0,SSE,,4,63,30,0.0,,,Low,42,0,,,,,,,,,,,,,,
53787,observation,1585624500,53787,Yushe,1585602000,N,41,,,,2,Falling,31,41,66,26.48,13.0,38,60.0,ENE,,4,63,30,0.0,,,Low,38,0,,,,,,,,,,,,,,
53787,observation,1585635300,53787,Yushe,1585612800,D,41,28.0,2800.0,Mostly Cloudy,1,Rising,32,41,69,26.49,11.0,41,310.0,NW,,2,63,34,0.0,,,Low,41,0,,,,,,,,,,,,,,
53787,observation,1585646100,53787,Yushe,1585623600,D,58,28.0,2800.0,Mostly Cloudy,2,Falling,29,58,33,26.47,17.0,58,260.0,W,,2,63,39,0.0,,,Moderate,58,3,,,,,,,,,,,,,,
53787,observation,1585656900,53787,Yushe,1585634400,D,66,28.0,2800.0,Mostly Cloudy,2,Falling,14,66,13,26.39,18.0,66,360.0,N,,7,67,39,0.0,,,Moderate,66,3,,,,,,,,,,,,,,
53787,observation,1585667700,53787,Yushe,1585645200,D,64,28.0,2800.0,Mostly Cloudy,2,Falling,16,64,15,26.39,18.0,64,360.0,N,,7,67,39,0.0,,,Low,64,0,,,,,,,,,,,,,,
53787,observation,1585678500,53787,Yushe,1585656000,N,59,26.0,2600.0,Cloudy,1,Rising,23,59,25,26.48,18.0,59,20.0,NNE,,9,67,39,0.0,,,Low,59,0,,,,,,,,,,,,,,
53787,observation,1585700100,53787,Yushe,1585677600,N,49,,,,1,Rising,35,49,59,26.57,7.0,44,50.0,NE,,13,67,39,0.0,,,Low,44,0,,,,,,,,,,,,,,
53787,observation,1585710900,53787,Yushe,1585688400,N,46,,,,1,Rising,35,46,67,26.59,8.0,43,50.0,NE,,4,67,39,0.0,,,Low,43,0,,,,,,,,,,,,,,
53787,observation,1585721700,53787,Yushe,1585699200,D,41,11.0,1101.0,Light Rain Shower,1,Rising,37,41,84,26.67,4.0,33,50.0,NE,,16,67,41,0.02,,,Low,33,1,,,,,,,,,,,,,,
53787,observation,1585732500,53787,Yushe,1585710000,D,38,11.0,1101.0,Light Rain Shower,1,Rising,36,38,93,26.7,11.0,35,20.0,NNE,,4,67,38,0.1,,,High,35,6,,,,,,,,,,,,,,
53787,observation,1585743300,53787,Yushe,1585720800,D,41,11.0,1101.0,Light Rain Shower,2,Falling,34,41,78,26.66,18.0,35,120.0,ESE,,9,67,38,0.15,,,High,35,6,,,,,,,,,,,,,,
53787,observation,1585754100,53787,Yushe,1585731600,D,36,11.0,1201.0,Light Rain,2,Falling,34,36,92,26.65,9.0,31,160.0,SSE,,7,64,36,0.18,,,Low,31,1,,,,,,,,,,,,,,
53787,observation,1585764900,53787,Yushe,1585742400,N,35,11.0,1201.0,Light Rain,1,Rising,34,35,95,26.67,4.0,35,30.0,NNE,,2,59,35,0.24,,,Low,35,0,,,,,,,,,,,,,,
53787,observation,1585786500,53787,Yushe,1585764000,N,35,11.0,1201.0,Light Rain,2,Falling,34,35,98,26.68,3.0,35,160.0,SSE,,2,49,34,0.3,,,Low,35,0,,,,,,,,,,,,,,
53787,observation,1585797300,53787,Yushe,1585774800,N,34,13.0,1401.0,Light Snow Shower,2,Falling,33,34,98,26.68,4.0,34,,CALM,,0,46,34,0.35,,,Low,34,0,,,,,,,,,,,,,,
53787,observation,1585808100,53787,Yushe,1585785600,D,37,,,,1,Rising,37,37,99,26.7,11.0,37,350.0,N,,2,41,34,0.33,,,Low,37,1,,,,,,,,,,,,,,
53787,observation,1585818900,53787,Yushe,1585796400,D,47,,,,1,Rising,36,47,66,26.73,18.0,45,340.0,NNW,,4,47,34,0.24,,,High,45,6,,,,,,,,,,,,,,
53787,observation,1585829700,53787,Yushe,1585807200,D,52,,,,2,Falling,26,52,36,26.67,18.0,52,350.0,N,,7,52,34,0.2,,,High,52,6,,,,,,,,,,,,,,
53787,observation,1585840500,53787,Yushe,1585818000,D,54,,,,2,Falling,22,54,29,26.65,18.0,54,350.0,N,,7,55,34,0.17,,,Low,54,1,,,,,,,,,,,,,,
53787,observation,1585851300,53787,Yushe,1585828800,N,45,,,,1,Rising,20,45,36,26.68,18.0,45,20.0,NNE,,2,55,34,0.11,,,Low,45,0,,,,,,,,,,,,,,
53787,observation,1585872900,53787,Yushe,1585850400,N,31,,,,1,Rising,22,31,71,26.74,18.0,26,60.0,ENE,,4,55,31,0.04,,,Low,26,0,,,,,,,,,,,,,,
53787,observation,1585883700,53787,Yushe,1585861200,N,27,,,,2,Falling,24,27,88,26.71,17.0,27,40.0,NE,,2,55,27,0.0,,,Low,27,0,,,,,,,,,,,,,,
53787,observation,1585894500,53787,Yushe,1585872000,D,31,,,,1,Rising,28,31,85,26.75,14.0,31,310.0,NW,,2,55,27,0.0,,,Low,31,1,,,,,,,,,,,,,,
53787,observation,1585905300,53787,Yushe,1585882800,D,55,,,,2,Falling,11,55,17,26.73,18.0,55,260.0,W,,4,55,27,0.0,,,High,55,6,,,,,,,,,,,,,,
53787,observation,1585916100,53787,Yushe,1585893600,D,61,,,,2,Falling,12,61,14,26.66,18.0,61,300.0,WNW,,9,61,27,0.0,,,High,61,6,,,,,,,,,,,,,,
53787,observation,1585926900,53787,Yushe,1585904400,D,62,,,,2,Falling,9,62,12,26.63,18.0,62,310.0,NW,,7,63,27,0.0,,,Low,62,1,,,,,,,,,,,,,,
53787,observation,1585937700,53787,Yushe,1585915200,N,50,,,,1,Rising,16,50,26,26.67,18.0,48,70.0,ENE,,4,63,27,0.01,,,Low,48,0,,,,,,,,,,,,,,
53787,observation,1585959300,53787,Yushe,1585936800,N,34,,,,1,Rising,21,34,59,26.71,18.0,30,60.0,ENE,,4,63,27,0.01,,,Low,30,0,,,,,,,,,,,,,,
53787,observation,1585970100,53787,Yushe,1585947600,N,31,,,,1,Rising,20,31,65,26.74,18.0,26,60.0,ENE,,4,63,27,0.01,,,Low,26,0,,,,,,,,,,,,,,
53787,observation,1585980900,53787,Yushe,1585958400,D,37,,,,1,Rising,24,37,59,26.77,18.0,37,290.0,WNW,,2,63,30,0.01,,,Low,37,1,,,,,,,,,,,,,,
53787,observation,1585991700,53787,Yushe,1585969200,D,62,,,,1,Rising,9,62,12,26.78,18.0,62,60.0,ENE,,4,63,30,0.0,,,High,62,6,,,,,,,,,,,,,,
53787,observation,1586002500,53787,Yushe,1585980000,D,66,,,,2,Falling,10,66,11,26.73,18.0,66,250.0,WSW,,7,66,30,0.01,,,High,66,6,,,,,,,,,,,,,,
53787,observation,1586013300,53787,Yushe,1585990800,D,66,,,,2,Falling,13,66,13,26.69,18.0,66,230.0,SW,,7,68,30,0.0,,,Low,66,1,,,,,,,,,,,,,,
53787,observation,1586024100,53787,Yushe,1586001600,N,52,,,,1,Rising,24,52,33,26.75,18.0,52,130.0,SE,,2,68,30,0.0,,,Low,52,0,,,,,,,,,,,,,,
53787,observation,1586045700,53787,Yushe,1586023200,N,37,,,,2,Falling,24,37,60,26.78,18.0,34,70.0,ENE,,4,68,30,0.0,,,Low,34,0,,,,,,,,,,,,,,
53787,observation,1586056500,53787,Yushe,1586034000,N,36,,,,2,Falling,24,36,62,26.77,18.0,36,60.0,ENE,,2,68,30,0.0,,,Low,36,0,,,,,,,,,,,,,,
53787,observation,1586067300,53787,Yushe,1586044800,D,39,,,,1,Rising,27,39,63,26.79,18.0,39,280.0,W,,2,68,35,0.0,,,Low,39,1,,,,,,,,,,,,,,
53787,observation,1586078100,53787,Yushe,1586055600,D,55,,,,2,Falling,29,55,36,26.75,14.0,55,230.0,SW,,7,68,35,0.0,,,High,55,6,,,,,,,,,,,,,,
53787,observation,1586088900,53787,Yushe,1586066400,D,63,,,,2,Falling,19,63,18,26.64,18.0,63,190.0,S,,9,68,35,0.0,,,High,63,6,,,,,,,,,,,,,,
53787,observation,1586099700,53787,Yushe,1586077200,D,63,,,,2,Falling,19,63,18,26.58,18.0,63,190.0,S,,9,66,35,0.01,,,Low,63,1,,,,,,,,,,,,,,
53787,observation,1586110500,53787,Yushe,1586088000,N,58,,,,1,Rising,21,58,24,26.62,18.0,58,190.0,S,,9,66,35,0.01,,,Low,58,0,,,,,,,,,,,,,,
53787,observation,1586132100,53787,Yushe,1586109600,N,43,,,,2,Falling,30,43,59,26.64,11.0,41,60.0,ENE,,4,66,35,0.01,,,Low,41,0,,,,,,,,,,,,,,
53787,observation,1586142900,53787,Yushe,1586120400,N,37,,,,2,Falling,28,37,71,26.61,10.0,33,50.0,NE,,4,66,35,0.01,,,Low,33,0,,,,,,,,,,,,,,
53787,observation,1586153700,53787,Yushe,1586131200,D,38,,,,1,Rising,29,38,69,26.63,11.0,38,320.0,NW,,2,66,35,0.01,,,Low,38,1,,,,,,,,,,,,,,
53787,observation,1586164500,53787,Yushe,1586142000,D,57,,,,2,Falling,29,57,33,26.6,17.0,57,260.0,W,,2,66,35,0.0,,,High,57,6,,,,,,,,,,,,,,
53787,observation,1586175300,53787,Yushe,1586152800,D,65,,,,2,Falling,23,65,20,26.53,18.0,65,330.0,NNW,,9,67,35,0.01,,,High,65,6,,,,,,,,,,,,,,
53787,observation,1586186100,53787,Yushe,1586163600,D,67,,,,2,Falling,12,67,12,26.48,18.0,67,350.0,N,,7,68,35,0.0,,,Low,67,1,,,,,,,,,,,,,,
53787,observation,1586196900,53787,Yushe,1586174400,N,56,,,,1,Rising,24,56,28,26.53,18.0,56,120.0,ESE,,2,68,35,0.0,,,Low,56,0,,,,,,,,,,,,,,
53787,observation,1586218500,53787,Yushe,1586196000,N,42,,,,0,Steady,28,42,59,26.57,18.0,42,40.0,NE,,2,68,35,0.0,,,Low,42,0,,,,,,,,,,,,,,
53787,observation,1586229300,53787,Yushe,1586206800,N,37,,,,2,Falling,30,37,74,26.56,9.0,37,40.0,NE,,2,68,35,0.0,,,Low,37,0,,,,,,,,,,,,,,
53787,observation,1586240100,53787,Yushe,1586217600,D,40,,,,1,Rising,30,40,68,26.58,10.0,40,310.0,NW,,2,68,36,0.0,,,Low,40,1,,,,,,,,,,,,,,
53787,observation,1586250900,53787,Yushe,1586228400,D,62,,,,2,Falling,32,62,33,26.57,13.0,62,250.0,WSW,,4,68,36,0.0,,,High,62,6,,,,,,,,,,,,,,
53787,observation,1586261700,53787,Yushe,1586239200,D,62,,,,2,Falling,29,62,28,26.52,18.0,62,40.0,NE,,9,68,36,0.0,,,High,62,6,,,,,,,,,,,,,,
53787,observation,1586272500,53787,Yushe,1586250000,D,64,,,,2,Falling,24,64,22,26.46,18.0,64,240.0,WSW,,9,67,36,0.0,,,Low,64,1,,,,,,,,,,,,,,
53787,observation,1586283300,53787,Yushe,1586260800,N,56,,,,1,Rising,33,56,43,26.53,18.0,56,20.0,NNE,,4,67,36,0.0,,,Low,56,0,,,,,,,,,,,,,,
53787,observation,1586304900,53787,Yushe,1586282400,N,44,,,,1,Rising,42,44,92,26.55,4.0,44,170.0,S,,2,67,36,0.02,,,Low,44,0,,,,,,,,,,,,,,
53787,observation,1586315700,53787,Yushe,1586293200,N,41,33.0,3300.0,Fair,2,Falling,40,41,95,26.51,3.0,38,60.0,ENE,,4,67,36,0.02,,,Low,38,0,,,,,,,,,,,,,,
53787,observation,1586326500,53787,Yushe,1586304000,D,42,,,,1,Rising,41,42,96,26.54,6.0,42,20.0,NNE,,2,67,39,0.02,,,Low,42,1,,,,,,,,,,,,,,
53787,observation,1586337300,53787,Yushe,1586314800,D,58,,,,2,Falling,43,58,58,26.52,7.0,58,280.0,W,,4,67,39,0.02,,,High,58,7,,,,,,,,,,,,,,
53787,observation,1586348100,53787,Yushe,1586325600,D,66,,,,2,Falling,25,66,21,26.44,16.0,66,260.0,W,,2,67,39,0.02,,,High,66,7,,,,,,,,,,,,,,
53787,observation,1586358900,53787,Yushe,1586336400,D,58,,,,1,Rising,37,58,46,26.45,11.0,58,130.0,SE,,11,69,39,0.02,,,Low,58,1,,,,,,,,,,,,,,
53787,observation,1586369700,53787,Yushe,1586347200,N,53,,,,1,Rising,36,53,53,26.51,14.0,53,170.0,S,,4,69,39,0.02,,,Low,53,0,,,,,,,,,,,,,,
53787,observation,1586391300,53787,Yushe,1586368800,N,46,,,,2,Falling,37,46,68,26.54,13.0,46,130.0,SE,,2,69,39,0.0,,,Low,46,0,,,,,,,,,,,,,,
53787,observation,1586402100,53787,Yushe,1586379600,N,47,,,,2,Falling,36,47,64,26.52,13.0,47,50.0,NE,,2,69,39,0.0,,,Low,47,0,,,,,,,,,,,,,,
53787,observation,1586412900,53787,Yushe,1586390400,D,45,,,,1,Rising,33,45,64,26.57,13.0,42,70.0,ENE,,4,69,42,0.0,,,Low,42,1,,,,,,,,,,,,,,
53787,observation,1586423700,53787,Yushe,1586401200,D,47,,,,1,Rising,32,47,57,26.59,16.0,45,130.0,SE,,4,69,44,0.0,,,High,45,7,,,,,,,,,,,,,,
53787,observation,1586434500,53787,Yushe,1586412000,D,49,,,,2,Falling,31,49,50,26.58,18.0,45,50.0,NE,,9,69,44,0.0,,,High,45,7,,,,,,,,,,,,,,
53787,observation,1586445300,53787,Yushe,1586422800,D,42,,,,1,Rising,29,42,61,26.61,18.0,35,50.0,NE,,13,58,42,0.0,,,Low,35,1,,,,,,,,,,,,,,
53787,observation,1586456100,53787,Yushe,1586433600,N,37,,,,1,Rising,29,37,71,26.65,18.0,32,40.0,NE,,7,53,37,0.0,,,Low,32,0,,,,,,,,,,,,,,
53787,observation,1586477700,53787,Yushe,1586455200,N,38,,,,2,Falling,29,38,70,26.68,18.0,33,50.0,NE,,7,49,37,0.0,,,Low,33,0,,,,,,,,,,,,,,
53787,observation,1586488500,53787,Yushe,1586466000,N,36,11.0,1201.0,Light Rain,2,Falling,34,36,91,26.67,9.0,36,160.0,SSE,,2,49,36,0.01,,,Low,36,0,,,,,,,,,,,,,,
53787,observation,1586499300,53787,Yushe,1586476800,D,33,13.0,1401.0,Light Snow Shower,1,Rising,33,33,98,26.72,0.75,33,,CALM,,0,49,33,0.19,,,Low,33,1,,,,,,,,,,,,,,
53787,observation,1586510100,53787,Yushe,1586487600,D,35,13.0,1401.0,Light Snow Shower,1,Rising,34,35,99,26.75,9.0,31,20.0,NNE,,4,49,33,0.33,,,High,31,7,,,,,,,,,,,,,,
53787,observation,1586520900,53787,Yushe,1586498400,D,39,,,,2,Falling,33,39,78,26.72,18.0,34,50.0,NE,,7,49,33,0.33,,,High,34,7,,,,,,,,,,,,,,
53787,observation,1586531700,53787,Yushe,1586509200,D,38,,,,1,Rising,33,38,84,26.73,18.0,33,50.0,NE,,7,42,33,0.34,,,Low,33,1,,,,,,,,,,,,,,
53787,observation,1586542500,53787,Yushe,1586520000,N,37,,,,1,Rising,31,37,81,26.78,18.0,37,90.0,E,,2,39,33,0.34,,,Low,37,0,,,,,,,,,,,,,,
53787,observation,1586564100,53787,Yushe,1586541600,N,30,,,,2,Falling,29,30,96,26.79,14.0,23,40.0,NE,,7,39,30,0.34,,,Low,23,0,,,,,,,,,,,,,,
53787,observation,1586574900,53787,Yushe,1586552400,N,27,,,,2,Falling,26,27,96,26.77,16.0,27,,CALM,,0,39,27,0.33,,,Low,27,0,,,,,,,,,,,,,,
53787,observation,1586585700,53787,Yushe,1586563200,D,31,,,,1,Rising,28,31,89,26.8,18.0,31,,CALM,,0,39,26,0.15,,,Low,31,1,,,,,,,,,,,,,,
53787,observation,1586596500,53787,Yushe,1586574000,D,47,,,,2,Falling,28,47,49,26.78,18.0,43,360.0,N,,7,47,26,0.01,,,High,43,7,,,,,,,,,,,,,,
53787,observation,1586607300,53787,Yushe,1586584800,D,50,,,,2,Falling,21,50,32,26.75,18.0,50,10.0,N,,9,51,26,0.01,,,High,50,7,,,,,,,,,,,,,,
53787,observation,1586618100,53787,Yushe,1586595600,D,54,,,,2,Falling,18,54,24,26.7,18.0,54,340.0,NNW,,9,54,26,0.0,,,Low,54,1,,,,,,,,,,,,,,
53787,observation,1586628900,53787,Yushe,1586606400,N,47,,,,1,Rising,16,47,29,26.72,18.0,47,360.0,N,,2,54,26,0.0,,,Low,47,0,,,,,,,,,,,,,,
53787,observation,1586650500,53787,Yushe,1586628000,N,31,,,,2,Falling,23,31,71,26.72,18.0,27,60.0,ENE,,4,54,26,0.0,,,Low,27,0,,,,,,,,,,,,,,
53787,observation,1586661300,53787,Yushe,1586638800,N,28,,,,2,Falling,23,28,80,26.71,18.0,23,50.0,NE,,4,54,26,0.0,,,Low,23,0,,,,,,,,,,,,,,
53787,observation,1586672100,53787,Yushe,1586649600,D,38,,,,1,Rising,22,38,53,26.73,18.0,38,290.0,WNW,,2,54,28,0.0,,,Low,38,1,,,,,,,,,,,,,,
53787,observation,1586682900,53787,Yushe,1586660400,D,56,,,,2,Falling,6,56,13,26.71,18.0,56,340.0,NNW,,9,56,28,0.0,,,High,56,7,,,,,,,,,,,,,,
53787,observation,1586693700,53787,Yushe,1586671200,D,63,,,,2,Falling,7,63,11,26.66,18.0,63,310.0,NW,,11,63,28,0.0,,,High,63,7,,,,,,,,,,,,,,
53787,observation,1586704500,53787,Yushe,1586682000,D,64,,,,2,Falling,2,64,8,26.6,18.0,64,350.0,N,,7,65,28,0.0,,,Low,64,1,,,,,,,,,,,,,,
53787,observation,1586715300,53787,Yushe,1586692800,N,51,,,,1,Rising,13,51,22,26.62,18.0,51,110.0,ESE,,4,65,28,0.0,,,Low,51,0,,,,,,,,,,,,,,
53787,observation,1586736900,53787,Yushe,1586714400,N,34,,,,2,Falling,18,34,52,26.65,18.0,28,60.0,ENE,,7,65,28,0.0,,,Low,28,0,,,,,,,,,,,,,,
53787,observation,1586747700,53787,Yushe,1586725200,N,31,,,,2,Falling,19,31,61,26.65,18.0,31,350.0,N,,2,65,28,0.0,,,Low,31,0,,,,,,,,,,,,,,
53787,observation,1586758500,53787,Yushe,1586736000,D,36,,,,0,Steady,22,36,56,26.65,18.0,36,280.0,W,,2,65,29,0.0,,,Low,36,1,,,,,,,,,,,,,,
53787,observation,1586769300,53787,Yushe,1586746800,D,61,,,,2,Falling,8,61,12,26.62,18.0,61,280.0,W,,2,65,29,0.0,,,High,61,7,,,,,,,,,,,,,,
53787,observation,1586780100,53787,Yushe,1586757600,D,69,,,,2,Falling,8,69,9,26.54,18.0,69,300.0,WNW,,2,69,29,0.0,,,High,69,7,,,,,,,,,,,,,,
53787,observation,1586790900,53787,Yushe,1586768400,D,68,,,,2,Falling,2,68,7,26.49,18.0,68,210.0,SSW,,7,70,29,0.0,,,Low,68,1,,,,,,,,,,,,,,
53787,observation,1586801700,53787,Yushe,1586779200,N,57,,,,1,Rising,10,57,15,26.5,18.0,57,150.0,SSE,,7,70,29,0.0,,,Low,57,0,,,,,,,,,,,,,,
53787,observation,1586823300,53787,Yushe,1586800800,N,39,,,,2,Falling,22,39,49,26.49,18.0,39,40.0,NE,,2,70,29,0.0,,,Low,39,0,,,,,,,,,,,,,,
53787,observation,1586834100,53787,Yushe,1586811600,N,34,,,,2,Falling,22,34,61,26.46,18.0,34,350.0,N,,2,70,29,0.0,,,Low,34,0,,,,,,,,,,,,,,
53787,observation,1586844900,53787,Yushe,1586822400,D,38,,,,0,Steady,23,38,55,26.46,18.0,38,280.0,W,,2,70,33,0.0,,,Low,38,1,,,,,,,,,,,,,,
53787,observation,1586855700,53787,Yushe,1586833200,D,62,,,,2,Falling,20,62,19,26.41,18.0,62,250.0,WSW,,7,70,33,0.0,,,High,62,7,,,,,,,,,,,,,,
53787,observation,1586866500,53787,Yushe,1586844000,D,69,,,,2,Falling,12,69,11,26.35,18.0,69,270.0,W,,4,70,33,0.0,,,High,69,7,,,,,,,,,,,,,,
53787,observation,1586877300,53787,Yushe,1586854800,D,69,,,,2,Falling,16,69,13,26.31,18.0,69,20.0,NNE,,2,72,33,0.0,,,Low,69,1,,,,,,,,,,,,,,
53787,observation,1586888100,53787,Yushe,1586865600,N,60,,,,1,Rising,26,60,27,26.35,18.0,60,20.0,NNE,,2,72,33,0.0,,,Low,60,0,,,,,,,,,,,,,,
53787,observation,1586909700,53787,Yushe,1586887200,N,43,,,,2,Falling,31,43,62,26.36,18.0,40,50.0,NE,,4,72,33,0.0,,,Low,40,0,,,,,,,,,,,,,,
53787,observation,1586920500,53787,Yushe,1586898000,N,39,,,,2,Falling,30,39,70,26.35,18.0,36,330.0,NNW,,4,72,33,0.0,,,Low,36,0,,,,,,,,,,,,,,
53787,observation,1586931300,53787,Yushe,1586908800,D,42,,,,1,Rising,32,42,68,26.38,18.0,42,290.0,WNW,,2,72,37,0.0,,,Low,42,1,,,,,,,,,,,,,,
53787,observation,1586942100,53787,Yushe,1586919600,D,63,,,,2,Falling,36,63,36,26.33,14.0,63,270.0,W,,4,72,37,0.0,,,High,63,7,,,,,,,,,,,,,,
53787,observation,1586952900,53787,Yushe,1586930400,D,74,,,,2,Falling,30,74,20,26.26,18.0,74,210.0,SSW,,9,74,37,0.0,,,High,74,7,,,,,,,,,,,,,,
53787,observation,1586963700,53787,Yushe,1586941200,D,69,,,,2,Falling,34,69,28,26.24,18.0,69,20.0,NNE,,4,74,37,0.0,,,Low,69,1,,,,,,,,,,,,,,
53787,observation,1586974500,53787,Yushe,1586952000,N,64,,,,1,Rising,32,64,30,26.25,18.0,64,280.0,W,,2,74,37,0.0,,,Low,64,0,,,,,,,,,,,,,,
53787,observation,1586996100,53787,Yushe,1586973600,N,54,,,,1,Rising,38,54,54,26.28,18.0,54,10.0,N,,2,74,37,0.0,,,Low,54,0,,,,,,,,,,,,,,
53787,observation,1587006900,53787,Yushe,1586984400,N,52,,,,1,Rising,28,52,40,26.32,18.0,52,360.0,N,,11,74,37,0.0,,,Low,52,0,,,,,,,,,,,,,,
53787,observation,1587017700,53787,Yushe,1586995200,D,53,,,,1,Rising,6,53,15,26.4,18.0,53,320.0,NW,,9,74,42,0.0,,,Low,53,1,,,,,,,,,,,,,,
53787,observation,1587028500,53787,Yushe,1587006000,D,59,,,,2,Falling,8,59,13,26.39,18.0,59,320.0,NW,,13,74,49,0.0,,,High,59,7,,,,,,,,,,,,,,
53787,observation,1587039300,53787,Yushe,1587016800,D,65,,,,2,Falling,13,65,13,26.34,18.0,65,320.0,NW,,11,74,49,0.0,,,High,65,7,,,,,,,,,,,,,,
53787,observation,1587050100,53787,Yushe,1587027600,D,63,,,,1,Rising,15,63,15,26.35,18.0,63,360.0,N,,9,69,49,0.0,,,Low,63,1,,,,,,,,,,,,,,
53787,observation,1587093300,53787,Yushe,1587070800,N,35,,,,1,Rising,18,35,51,26.52,18.0,31,60.0,ENE,,4,66,35,0.0,,,Low,31,0,,,,,,,,,,,,,,
53787,observation,1587104100,53787,Yushe,1587081600,D,44,,,,1,Rising,19,44,37,26.55,18.0,41,50.0,NE,,4,66,33,0.0,,,Low,41,1,,,,,,,,,,,,,,
53787,observation,1587114900,53787,Yushe,1587092400,D,59,,,,1,Rising,14,59,17,26.56,18.0,59,330.0,NNW,,11,66,33,0.0,,,High,59,7,,,,,,,,,,,,,,
53787,observation,1587125700,53787,Yushe,1587103200,D,66,,,,2,Falling,15,66,14,26.51,18.0,66,320.0,NW,,11,66,33,0.0,,,High,66,7,,,,,,,,,,,,,,
53787,observation,1587136500,53787,Yushe,1587114000,D,65,,,,2,Falling,15,65,14,26.49,18.0,65,340.0,NNW,,9,67,33,0.0,,,Low,65,1,,,,,,,,,,,,,,
53787,observation,1587147300,53787,Yushe,1587124800,N,58,,,,1,Rising,23,58,26,26.52,18.0,58,140.0,SE,,9,67,33,0.0,,,Low,58,0,,,,,,,,,,,,,,
53787,observation,1587168900,53787,Yushe,1587146400,N,47,,,,1,Rising,29,47,49,26.59,18.0,47,40.0,NE,,2,67,33,0.0,,,Low,47,0,,,,,,,,,,,,,,
53787,observation,1587179700,53787,Yushe,1587157200,N,40,,,,1,Rising,30,40,66,26.61,18.0,40,120.0,ESE,,2,67,33,0.0,,,Low,40,0,,,,,,,,,,,,,,
53787,observation,1587190500,53787,Yushe,1587168000,D,46,,,,1,Rising,31,46,56,26.62,18.0,46,290.0,WNW,,2,67,39,0.0,,,Low,46,1,,,,,,,,,,,,,,
53787,observation,1587201300,53787,Yushe,1587178800,D,55,,,,2,Falling,31,55,40,26.57,18.0,55,230.0,SW,,7,67,39,0.0,,,High,55,7,,,,,,,,,,,,,,
53787,observation,1587212100,53787,Yushe,1587189600,D,56,,,,2,Falling,29,56,36,26.53,18.0,56,230.0,SW,,11,67,39,0.0,,,High,56,7,,,,,,,,,,,,,,
53787,observation,1587222900,53787,Yushe,1587200400,D,47,11.0,1101.0,Light Rain Shower,1,Rising,37,47,67,26.54,18.0,44,120.0,ESE,,7,65,39,0.01,,,Low,44,1,,,,,,,,,,,,,,
53787,observation,1587233700,53787,Yushe,1587211200,N,46,,,,2,Falling,42,46,87,26.52,18.0,43,200.0,SSW,,4,58,39,0.01,,,Low,43,0,,,,,,,,,,,,,,
53787,observation,1587255300,53787,Yushe,1587232800,N,43,11.0,1101.0,Light Rain Shower,2,Falling,41,43,92,26.48,8.0,43,210.0,SSW,,2,57,39,0.01,,,Low,43,0,,,,,,,,,,,,,,
53787,observation,1587266100,53787,Yushe,1587243600,N,42,,,,2,Falling,41,42,97,26.45,6.0,42,360.0,N,,2,57,39,0.03,,,Low,42,0,,,,,,,,,,,,,,
53787,observation,1587276900,53787,Yushe,1587254400,D,46,,,,1,Rising,43,46,88,26.48,12.0,44,60.0,ENE,,4,57,42,0.03,,,Low,44,1,,,,,,,,,,,,,,
53787,observation,1587287700,53787,Yushe,1587265200,D,56,,,,2,Falling,37,56,49,26.46,18.0,56,330.0,NNW,,7,57,42,0.03,,,High,56,7,,,,,,,,,,,,,,
53787,observation,1587298500,53787,Yushe,1587276000,D,63,,,,2,Falling,35,63,35,26.39,18.0,63,150.0,SSE,,4,63,42,0.04,,,High,63,7,,,,,,,,,,,,,,
53787,observation,1587309300,53787,Yushe,1587286800,D,68,,,,2,Falling,32,68,26,26.33,18.0,68,270.0,W,,11,70,42,0.02,,,Low,68,1,,,,,,,,,,,,,,
53787,observation,1587320100,53787,Yushe,1587297600,N,60,,,,1,Rising,36,60,40,26.38,18.0,60,350.0,N,,11,70,42,0.02,,,Low,60,0,,,,,,,,,,,,,,
53787,observation,1587341700,53787,Yushe,1587319200,N,47,,,,1,Rising,23,47,39,26.52,18.0,41,10.0,N,,11,70,42,0.02,,,Low,41,0,,,,,,,,,,,,,,
53787,observation,1587352500,53787,Yushe,1587330000,N,39,,,,1,Rising,15,39,37,26.56,18.0,39,50.0,NE,,2,70,39,0.0,,,Low,39,0,,,,,,,,,,,,,,
53787,observation,1587363300,53787,Yushe,1587340800,D,45,,,,1,Rising,16,45,31,26.59,18.0,45,150.0,SSE,,2,70,35,0.0,,,Low,45,1,,,,,,,,,,,,,,
53787,observation,1587374100,53787,Yushe,1587351600,D,54,,,,1,Rising,9,54,16,26.6,18.0,54,350.0,N,,7,70,35,0.0,,,High,54,7,,,,,,,,,,,,,,
53787,observation,1587384900,53787,Yushe,1587362400,D,59,,,,2,Falling,10,59,14,26.55,18.0,59,330.0,NNW,,9,70,35,0.0,,,High,59,7,,,,,,,,,,,,,,
53787,observation,1587395700,53787,Yushe,1587373200,D,58,,,,2,Falling,7,58,13,26.52,18.0,58,30.0,NNE,,4,68,35,0.0,,,Low,58,1,,,,,,,,,,,,,,
53787,observation,1587406500,53787,Yushe,1587384000,N,54,,,,1,Rising,13,54,20,26.56,18.0,54,330.0,NNW,,4,60,35,0.0,,,Low,54,0,,,,,,,,,,,,,,
53787,observation,1587428100,53787,Yushe,1587405600,N,37,,,,2,Falling,10,37,33,26.63,18.0,33,60.0,ENE,,4,60,35,0.0,,,Low,33,0,,,,,,,,,,,,,,
53787,observation,1587438900,53787,Yushe,1587416400,N,31,,,,2,Falling,10,31,41,26.62,18.0,27,70.0,ENE,,4,60,31,0.0,,,Low,27,0,,,,,,,,,,,,,,
53787,observation,1587449700,53787,Yushe,1587427200,D,39,,,,1,Rising,11,39,33,26.64,18.0,39,270.0,W,,2,60,30,0.0,,,Low,39,1,,,,,,,,,,,,,,
53787,observation,1587460500,53787,Yushe,1587438000,D,55,,,,2,Falling,1,55,11,26.64,18.0,55,360.0,N,,16,60,30,0.0,,,High,55,7,,,,,,,,,,,,,,
53787,observation,1587471300,53787,Yushe,1587448800,D,59,,,,2,Falling,2,59,10,26.59,18.0,59,320.0,NW,,16,60,30,0.0,,,High,59,7,,,,,,,,,,,,,,
53787,observation,1587482100,53787,Yushe,1587459600,D,58,,,,2,Falling,-9,58,6,26.57,18.0,58,340.0,NNW,,16,61,30,0.0,,,Low,58,1,,,,,,,,,,,,,,
53787,observation,1587492900,53787,Yushe,1587470400,N,50,,,,1,Rising,-12,50,7,26.63,18.0,47,360.0,N,,7,61,30,0.0,,,Low,47,0,,,,,,,,,,,,,,
53787,observation,1587514500,53787,Yushe,1587492000,N,31,,,,1,Rising,-4,31,23,26.69,18.0,24,60.0,ENE,,7,61,30,0.0,,,Low,24,0,,,,,,,,,,,,,,
53787,observation,1587525300,53787,Yushe,1587502800,N,26,,,,1,Rising,-4,26,27,26.72,18.0,21,30.0,NNE,,4,61,26,0.0,,,Low,21,0,,,,,,,,,,,,,,
53787,observation,1587536100,53787,Yushe,1587513600,D,38,,,,1,Rising,-9,38,14,26.75,18.0,34,360.0,N,,4,61,24,0.0,,,Low,34,1,,,,,,,,,,,,,,
53787,observation,1587546900,53787,Yushe,1587524400,D,48,,,,2,Falling,-10,48,8,26.71,18.0,45,330.0,NNW,,7,61,24,0.0,,,High,45,7,,,,,,,,,,,,,,
53787,observation,1587557700,53787,Yushe,1587535200,D,54,,,,2,Falling,-12,54,6,26.63,18.0,54,350.0,N,,11,61,24,0.0,,,High,54,7,,,,,,,,,,,,,,
53787,observation,1587568500,53787,Yushe,1587546000,D,56,,,,2,Falling,-7,56,7,26.58,18.0,56,320.0,NW,,11,58,24,0.0,,,Low,56,1,,,,,,,,,,,,,,
53787,observation,1587579300,53787,Yushe,1587556800,N,50,,,,1,Rising,-7,50,9,26.63,18.0,47,350.0,N,,7,57,24,0.0,,,Low,47,0,,,,,,,,,,,,,,
53787,observation,1587600900,53787,Yushe,1587578400,N,32,,,,1,Rising,0,32,26,26.71,18.0,26,80.0,E,,7,57,24,0.0,,,Low,26,0,,,,,,,,,,,,,,
53787,observation,1587611700,53787,Yushe,1587589200,N,27,,,,1,Rising,2,27,35,26.72,18.0,27,30.0,NNE,,2,57,24,0.0,,,Low,27,0,,,,,,,,,,,,,,
53787,observation,1587622500,53787,Yushe,1587600000,D,36,,,,1,Rising,3,36,26,26.75,18.0,36,260.0,W,,2,57,26,0.0,,,Low,36,1,,,,,,,,,,,,,,
53787,observation,1587633300,53787,Yushe,1587610800,D,50,,,,2,Falling,-7,50,9,26.7,18.0,50,290.0,WNW,,4,57,26,0.0,,,Very High,50,8,,,,,,,,,,,,,,
53787,observation,1587644100,53787,Yushe,1587621600,D,57,,,,2,Falling,-7,57,7,26.63,18.0,57,10.0,N,,9,57,26,0.0,,,High,57,7,,,,,,,,,,,,,,
53787,observation,1587654900,53787,Yushe,1587632400,D,58,,,,2,Falling,-6,58,7,26.59,18.0,58,350.0,N,,9,58,26,0.0,,,Low,58,1,,,,,,,,,,,,,,
53787,observation,1587665700,53787,Yushe,1587643200,N,49,,,,1,Rising,-5,49,10,26.63,18.0,48,20.0,NNE,,4,58,26,0.0,,,Low,48,0,,,,,,,,,,,,,,
53787,observation,1587676500,53787,Yushe,1587664800,N,29,,,,2,Falling,1,29,30,26.67,18.0,24,60.0,ENE,,4,58,26,0.0,,,Low,24,0,,,,,,,,,,,,,,
53787,observation,1587687300,53787,Yushe,1587675600,N,26,,,,2,Falling,1,26,34,26.65,18.0,20,40.0,NE,,4,58,26,0.0,,,Low,20,0,,,,,,,,,,,,,,
53787,observation,1587698100,53787,Yushe,1587686400,D,34,,,,1,Rising,5,34,30,26.65,18.0,34,290.0,WNW,,2,58,24,0.0,,,Low,34,1,,,,,,,,,,,,,,
53787,observation,1587708900,53787,Yushe,1587697200,D,58,,,,2,Falling,-3,58,8,26.6,18.0,58,280.0,W,,4,58,24,0.0,,,Very High,58,8,,,,,,,,,,,,,,
53787,observation,1587719700,53787,Yushe,1587708000,D,65,,,,2,Falling,-3,65,6,26.5,18.0,65,280.0,W,,16,66,24,0.0,,,High,65,7,,,,,,,,,,,,,,
53787,observation,1587730500,53787,Yushe,1587718800,D,67,,,,2,Falling,-6,67,5,26.44,18.0,67,280.0,W,,13,68,24,0.0,,,Low,67,1,,,,,,,,,,,,,,
53787,observation,1587741300,53787,Yushe,1587729600,N,60,,,,1,Rising,-4,60,7,26.45,18.0,60,270.0,W,,9,68,24,0.0,,,Low,60,0,,,,,,,,,,,,,,
53787,observation,1587762900,53787,Yushe,1587751200,N,38,,,,2,Falling,5,38,25,26.44,18.0,33,60.0,ENE,,7,68,24,0.0,,,Low,33,0,,,,,,,,,,,,,,
53787,observation,1587773700,53787,Yushe,1587762000,N,35,,,,0,Steady,4,35,28,26.44,18.0,31,60.0,ENE,,4,68,24,0.0,,,Low,31,0,,,,,,,,,,,,,,
53787,observation,1587784500,53787,Yushe,1587772800,D,44,,,,1,Rising,8,44,23,26.48,18.0,44,270.0,W,,2,68,33,0.0,,,Low,44,2,,,,,,,,,,,,,,
53787,observation,1587795300,53787,Yushe,1587783600,D,67,,,,2,Falling,-2,67,6,26.47,18.0,67,280.0,W,,4,68,33,0.0,,,Very High,67,8,,,,,,,,,,,,,,
53787,observation,1587806100,53787,Yushe,1587794400,D,72,,,,2,Falling,4,72,7,26.44,18.0,72,360.0,N,,9,72,33,0.0,,,High,72,7,,,,,,,,,,,,,,
53787,observation,1587816900,53787,Yushe,1587805200,D,72,,,,2,Falling,1,72,6,26.41,18.0,72,360.0,N,,9,74,33,0.0,,,Low,72,1,,,,,,,,,,,,,,
53787,observation,1587827700,53787,Yushe,1587816000,N,65,,,,1,Rising,5,65,9,26.47,18.0,65,330.0,NNW,,9,74,33,0.0,,,Low,65,0,,,,,,,,,,,,,,
53787,observation,1587849300,53787,Yushe,1587837600,N,41,,,,0,Steady,19,41,41,26.52,18.0,38,70.0,ENE,,4,74,33,0.0,,,Low,38,0,,,,,,,,,,,,,,
53787,observation,1587860100,53787,Yushe,1587848400,N,36,,,,0,Steady,20,36,51,26.52,18.0,36,40.0,NE,,2,74,33,0.0,,,Low,36,0,,,,,,,,,,,,,,
53787,observation,1587870900,53787,Yushe,1587859200,D,43,,,,1,Rising,22,43,45,26.54,18.0,43,280.0,W,,2,74,35,0.0,,,Low,43,2,,,,,,,,,,,,,,
53787,observation,1587881700,53787,Yushe,1587870000,D,65,,,,2,Falling,22,65,19,26.52,18.0,65,320.0,NW,,7,74,35,0.0,,,Very High,65,8,,,,,,,,,,,,,,
53787,observation,1587892500,53787,Yushe,1587880800,D,72,,,,2,Falling,10,72,9,26.48,18.0,72,20.0,NNE,,11,74,35,0.0,,,High,72,7,,,,,,,,,,,,,,
53787,observation,1587903300,53787,Yushe,1587891600,D,71,,,,2,Falling,7,71,8,26.46,18.0,71,360.0,N,,4,73,35,0.0,,,Low,71,1,,,,,,,,,,,,,,
53787,observation,1587914100,53787,Yushe,1587902400,N,57,,,,1,Rising,29,57,34,26.54,18.0,57,100.0,E,,4,73,35,0.0,,,Low,57,0,,,,,,,,,,,,,,
53787,observation,1587935700,53787,Yushe,1587924000,N,53,,,,1,Rising,31,53,44,26.64,18.0,53,120.0,ESE,,4,73,35,0.0,,,Low,53,0,,,,,,,,,,,,,,
53787,observation,1587946500,53787,Yushe,1587934800,N,46,,,,1,Rising,34,46,61,26.67,18.0,46,210.0,SSW,,2,73,35,0.0,,,Low,46,0,,,,,,,,,,,,,,
53787,observation,1587957300,53787,Yushe,1587945600,D,51,,,,1,Rising,35,51,55,26.73,18.0,51,220.0,SW,,2,73,42,0.0,,,Low,51,2,,,,,,,,,,,,,,
53787,observation,1587968100,53787,Yushe,1587956400,D,62,,,,0,Steady,29,62,29,26.73,18.0,62,350.0,N,,4,73,42,0.0,,,Very High,62,8,,,,,,,,,,,,,,
53787,observation,1587978900,53787,Yushe,1587967200,D,68,,,,2,Falling,25,68,20,26.67,18.0,68,240.0,WSW,,9,73,42,0.0,,,High,68,7,,,,,,,,,,,,,,
53787,observation,1587989700,53787,Yushe,1587978000,D,71,,,,2,Falling,21,71,15,26.63,18.0,71,360.0,N,,4,71,42,0.0,,,Low,71,1,,,,,,,,,,,,,,
53787,observation,1588000500,53787,Yushe,1587988800,N,58,,,,2,Falling,12,58,16,26.62,18.0,58,100.0,E,,7,71,42,0.0,,,Low,58,0,,,,,,,,,,,,,,
53787,observation,1588022100,53787,Yushe,1588010400,N,42,,,,2,Falling,21,42,43,26.65,18.0,42,50.0,NE,,2,71,42,0.0,,,Low,42,0,,,,,,,,,,,,,,
53787,observation,1588032900,53787,Yushe,1588021200,N,38,,,,2,Falling,21,38,51,26.64,18.0,38,350.0,N,,2,71,38,0.0,,,Low,38,0,,,,,,,,,,,,,,
53787,observation,1588043700,53787,Yushe,1588032000,D,45,,,,1,Rising,29,45,52,26.64,18.0,45,280.0,W,,2,71,37,0.0,,,Low,45,2,,,,,,,,,,,,,,
53787,observation,1588054500,53787,Yushe,1588042800,D,67,,,,2,Falling,27,67,22,26.59,18.0,67,220.0,SW,,4,71,37,0.0,,,Very High,67,8,,,,,,,,,,,,,,
53787,observation,1588065300,53787,Yushe,1588053600,D,74,,,,2,Falling,20,74,13,26.49,18.0,74,250.0,WSW,,7,76,37,0.0,,,Very High,74,8,,,,,,,,,,,,,,
53787,observation,1588076100,53787,Yushe,1588064400,D,79,,,,2,Falling,20,77,11,26.41,18.0,79,270.0,W,,4,79,37,0.0,,,Low,77,1,,,,,,,,,,,,,,
53787,observation,1588086900,53787,Yushe,1588075200,N,66,,,,1,Rising,26,66,22,26.42,18.0,66,110.0,ESE,,4,79,37,0.0,,,Low,66,0,,,,,,,,,,,,,,
53787,observation,1588108500,53787,Yushe,1588096800,N,48,,,,2,Falling,33,48,56,26.47,18.0,45,40.0,NE,,7,79,37,0.0,,,Low,45,0,,,,,,,,,,,,,,
53787,observation,1588119300,53787,Yushe,1588107600,N,43,,,,2,Falling,30,43,59,26.46,18.0,40,330.0,NNW,,4,79,37,0.0,,,Low,40,0,,,,,,,,,,,,,,
53787,observation,1588130100,53787,Yushe,1588118400,D,50,,,,1,Rising,35,50,56,26.46,18.0,50,270.0,W,,2,79,41,0.0,,,Low,50,2,,,,,,,,,,,,,,
53787,observation,1588140900,53787,Yushe,1588129200,D,73,,,,2,Falling,37,73,27,26.42,18.0,73,240.0,WSW,,4,79,41,0.0,,,Very High,73,8,,,,,,,,,,,,,,
53787,observation,1588151700,53787,Yushe,1588140000,D,85,,,,2,Falling,27,82,12,26.35,18.0,85,100.0,E,,4,85,41,0.0,,,Very High,82,8,,,,,,,,,,,,,,
53787,observation,1588162500,53787,Yushe,1588150800,D,82,,,,2,Falling,25,80,12,26.32,18.0,82,230.0,SW,,9,87,41,0.0,,,Low,80,1,,,,,,,,,,,,,,
53787,observation,1588173300,53787,Yushe,1588161600,N,75,,,,1,Rising,26,75,16,26.36,18.0,75,100.0,E,,4,87,41,0.0,,,Low,75,0,,,,,,,,,,,,,,
53787,observation,1588194900,53787,Yushe,1588183200,N,54,,,,1,Rising,30,54,40,26.42,18.0,54,330.0,NNW,,4,87,41,0.0,,,Low,54,0,,,,,,,,,,,,,,
53787,observation,1588205700,53787,Yushe,1588194000,N,48,,,,2,Falling,33,48,55,26.42,18.0,47,320.0,NW,,4,87,41,0.0,,,Low,47,0,,,,,,,,,,,,,,
53787,observation,1588216500,53787,Yushe,1588204800,D,55,,,,1,Rising,37,55,50,26.44,18.0,55,300.0,WNW,,2,87,47,0.0,,,Low,55,2,,,,,,,,,,,,,,
53787,observation,1588227300,53787,Yushe,1588215600,D,79,,,,2,Falling,31,78,17,26.42,18.0,79,250.0,WSW,,4,87,47,0.0,,,Very High,78,8,,,,,,,,,,,,,,
53787,observation,1588238100,53787,Yushe,1588226400,D,88,,,,2,Falling,13,84,6,26.34,18.0,88,270.0,W,,7,89,47,0.0,,,Very High,84,8,,,,,,,,,,,,,,
53787,observation,1588248900,53787,Yushe,1588237200,D,88,,,,2,Falling,17,85,7,26.3,18.0,88,310.0,NW,,4,90,47,0.0,,,Low,85,1,,,,,,,,,,,,,,
53787,observation,1588259700,53787,Yushe,1588248000,N,79,,,,1,Rising,35,78,21,26.33,18.0,79,130.0,SE,,11,90,47,0.0,,,Low,78,0,,,,,,,,,,,,,,
53787,observation,1588281300,53787,Yushe,1588269600,N,55,,,,2,Falling,36,55,48,26.36,18.0,55,40.0,NE,,4,90,47,0.0,,,Low,55,0,,,,,,,,,,,,,,
53787,observation,1588292100,53787,Yushe,1588280400,N,50,,,,2,Falling,35,50,55,26.35,18.0,50,330.0,NNW,,2,90,47,0.0,,,Low,50,0,,,,,,,,,,,,,,
53787,observation,1588302900,53787,Yushe,1588291200,D,58,,,,1,Rising,37,58,46,26.35,18.0,58,290.0,WNW,,2,90,48,0.0,,,Low,58,2,,,,,,,,,,,,,,
53787,observation,1588313700,53787,Yushe,1588302000,D,86,,,,2,Falling,29,82,13,26.32,18.0,86,300.0,WNW,,7,90,48,0.0,,,Very High,82,8,,,,,,,,,,,,,,
53787,observation,1588324500,53787,Yushe,1588312800,D,91,,,,2,Falling,11,87,5,26.25,18.0,91,320.0,NW,,4,92,48,0.0,,,Very High,87,8,,,,,,,,,,,,,,
53787,observation,1588335300,53787,Yushe,1588323600,D,91,,,,2,Falling,10,87,5,26.21,18.0,91,90.0,E,,4,93,48,0.0,,,Low,87,1,,,,,,,,,,,,,,
53787,observation,1588346100,53787,Yushe,1588334400,N,79,,,,1,Rising,34,78,19,26.25,18.0,79,120.0,ESE,,11,93,48,0.0,,,Low,78,0,,,,,,,,,,,,,,
53787,observation,1588367700,53787,Yushe,1588356000,N,58,,,,2,Falling,35,58,43,26.27,18.0,58,10.0,N,,2,93,48,0.0,,,Low,58,0,,,,,,,,,,,,,,
53787,observation,1588378500,53787,Yushe,1588366800,N,52,,,,2,Falling,35,52,53,26.26,18.0,52,360.0,N,,2,93,48,0.0,,,Low,52,0,,,,,,,,,,,,,,
53787,observation,1588389300,53787,Yushe,1588377600,D,60,,,,1,Rising,39,60,46,26.28,18.0,60,300.0,WNW,,2,93,51,0.0,,,Low,60,2,,,,,,,,,,,,,,
53787,observation,1588400100,53787,Yushe,1588388400,D,86,,,,2,Falling,33,83,15,26.25,18.0,86,240.0,WSW,,4,93,51,0.0,,,Very High,83,8,,,,,,,,,,,,,,
53787,observation,1588410900,53787,Yushe,1588399200,D,94,,,,2,Falling,8,90,4,26.18,18.0,94,340.0,NNW,,9,96,51,0.0,,,Very High,90,8,,,,,,,,,,,,,,
53787,observation,1588421700,53787,Yushe,1588410000,D,94,,,,2,Falling,8,89,4,26.15,18.0,94,30.0,NNE,,4,96,51,0.0,,,Low,89,1,,,,,,,,,,,,,,
53787,observation,1588432500,53787,Yushe,1588420800,N,78,,,,1,Rising,19,77,11,26.18,18.0,78,80.0,E,,7,96,51,0.0,,,Low,77,0,,,,,,,,,,,,,,
53787,observation,1588454100,53787,Yushe,1588442400,N,58,,,,2,Falling,30,58,34,26.23,18.0,58,60.0,ENE,,4,96,51,0.0,,,Low,58,0,,,,,,,,,,,,,,
53787,observation,1588464900,53787,Yushe,1588453200,N,52,,,,1,Rising,32,52,46,26.24,18.0,52,10.0,N,,2,96,51,0.0,,,Low,52,0,,,,,,,,,,,,,,
53787,observation,1588475700,53787,Yushe,1588464000,D,60,,,,1,Rising,34,60,37,26.29,18.0,60,280.0,W,,2,96,50,0.0,,,Low,60,2,,,,,,,,,,,,,,
53787,observation,1588486500,53787,Yushe,1588474800,D,87,,,,2,Falling,27,84,11,26.27,18.0,87,240.0,WSW,,7,96,50,0.0,,,Very High,84,8,,,,,,,,,,,,,,
53787,observation,1588497300,53787,Yushe,1588485600,D,94,,,,2,Falling,17,89,6,26.2,18.0,94,200.0,SSW,,16,96,50,0.0,,,Very High,89,8,,,,,,,,,,,,,,
53787,observation,1588508100,53787,Yushe,1588496400,D,91,,,,2,Falling,11,87,5,26.18,18.0,91,190.0,S,,18,95,50,0.0,,,Low,87,1,,,,,,,,,,,,,,
53787,observation,1588518900,53787,Yushe,1588507200,N,84,,,,1,Rising,16,81,8,26.23,18.0,84,210.0,SSW,,7,95,50,0.0,,,Low,81,0,,,,,,,,,,,,,,
53787,observation,1588540500,53787,Yushe,1588528800,N,66,,,,1,Rising,56,66,71,26.35,9.0,66,40.0,NE,,9,95,50,0.0,,,Low,66,0,,,,,,,,,,,,,,
53787,observation,1588551300,53787,Yushe,1588539600,D,62,,,,1,Rising,53,62,73,26.38,14.0,62,20.0,NNE,,4,95,50,0.0,,,Low,62,0,,,,,,,,,,,,,,
53787,observation,1588562100,53787,Yushe,1588550400,D,64,,,,1,Rising,51,64,64,26.46,18.0,64,90.0,E,,11,95,61,0.0,,,Low,64,2,,,,,,,,,,,,,,
53787,observation,1588572900,53787,Yushe,1588561200,D,67,,,,1,Rising,50,67,54,26.47,18.0,67,70.0,ENE,,11,95,61,0.0,,,Very High,67,8,,,,,,,,,,,,,,
53787,observation,1588583700,53787,Yushe,1588572000,D,67,,,,2,Falling,43,67,41,26.45,18.0,67,120.0,ESE,,13,95,61,0.0,,,Very High,67,8,,,,,,,,,,,,,,
53787,observation,1588594500,53787,Yushe,1588582800,D,60,,,,2,Falling,41,60,49,26.45,18.0,60,130.0,SE,,11,92,60,0.0,,,Low,60,1,,,,,,,,,,,,,,
53787,observation,1588605300,53787,Yushe,1588593600,N,53,11.0,1101.0,Light Rain Shower,1,Rising,48,53,83,26.5,13.0,53,30.0,NNE,,7,84,53,0.04,,,Low,53,0,,,,,,,,,,,,,,
53787,observation,1588626900,53787,Yushe,1588615200,N,51,,,,2,Falling,50,51,98,26.45,18.0,51,350.0,N,,2,67,51,0.49,,,Low,51,0,,,,,,,,,,,,,,
53787,observation,1588637700,53787,Yushe,1588626000,D,47,,,,2,Falling,47,47,98,26.43,11.0,47,20.0,NNE,,2,67,47,0.49,,,Low,47,0,,,,,,,,,,,,,,
53787,observation,1588648500,53787,Yushe,1588636800,D,54,,,,1,Rising,51,54,88,26.45,18.0,54,20.0,NNE,,4,67,46,0.49,,,Low,54,2,,,,,,,,,,,,,,
53787,observation,1588659300,53787,Yushe,1588647600,D,65,,,,2,Falling,47,65,51,26.44,18.0,65,340.0,NNW,,2,67,46,0.49,,,Very High,65,8,,,,,,,,,,,,,,
53787,observation,1588670100,53787,Yushe,1588658400,D,76,,,,2,Falling,44,76,32,26.37,18.0,76,230.0,SW,,4,76,46,0.49,,,Very High,76,8,,,,,,,,,,,,,,
53787,observation,1588680900,53787,Yushe,1588669200,D,78,,,,2,Falling,43,78,29,26.34,18.0,78,220.0,SW,,7,80,46,0.49,,,Low,78,1,,,,,,,,,,,,,,
53787,observation,1588691700,53787,Yushe,1588680000,N,69,,,,1,Rising,47,69,46,26.38,18.0,69,70.0,ENE,,4,80,46,0.44,,,Low,69,0,,,,,,,,,,,,,,
53787,observation,1588713300,53787,Yushe,1588701600,N,53,,,,1,Rising,49,53,87,26.44,11.0,53,80.0,E,,4,80,46,0.0,,,Low,53,0,,,,,,,,,,,,,,
53787,observation,1588724100,53787,Yushe,1588712400,D,48,,,,2,Falling,46,48,94,26.42,7.0,48,40.0,NE,,2,80,46,0.0,,,Low,48,0,,,,,,,,,,,,,,
53787,observation,1588734900,53787,Yushe,1588723200,D,57,,,,1,Rising,49,57,76,26.44,11.0,57,340.0,NNW,,2,80,47,0.0,,,Low,57,2,,,,,,,,,,,,,,
53787,observation,1588745700,53787,Yushe,1588734000,D,71,,,,2,Falling,38,71,30,26.41,18.0,71,240.0,WSW,,9,80,47,0.0,,,Very High,71,8,,,,,,,,,,,,,,
53787,observation,1588756500,53787,Yushe,1588744800,D,75,,,,2,Falling,24,75,15,26.36,18.0,75,160.0,SSE,,16,80,47,0.0,,,Very High,75,8,,,,,,,,,,,,,,
53787,observation,1588767300,53787,Yushe,1588755600,D,70,,,,2,Falling,44,70,39,26.35,18.0,70,130.0,SE,,18,79,47,0.0,,,Low,70,2,,,,,,,,,,,,,,
53787,observation,1588778100,53787,Yushe,1588766400,N,64,,,,1,Rising,47,64,54,26.39,18.0,64,130.0,SE,,9,78,47,0.0,,,Low,64,0,,,,,,,,,,,,,,
53787,observation,1588799700,53787,Yushe,1588788000,N,59,,,,2,Falling,51,59,75,26.4,10.0,59,170.0,S,,4,78,47,0.0,,,Low,59,0,,,,,,,,,,,,,,
53787,observation,1588810500,53787,Yushe,1588798800,D,58,,,,2,Falling,52,58,78,26.38,10.0,58,210.0,SSW,,4,78,47,0.0,,,Low,58,0,,,,,,,,,,,,,,
53787,observation,1588821300,53787,Yushe,1588809600,D,57,11.0,1100.0,Rain Shower,1,Rising,55,57,94,26.41,2.0,57,330.0,NNW,,2,78,56,0.11,,,Low,57,2,,,,,,,,,,,,,,
53787,observation,1588832100,53787,Yushe,1588820400,D,58,11.0,1101.0,Light Rain Shower,2,Falling,58,58,97,26.38,6.0,58,40.0,NE,,2,78,56,0.39,,,Very High,58,8,,,,,,,,,,,,,,
53787,observation,1588842900,53787,Yushe,1588831200,D,60,11.0,1101.0,Light Rain Shower,2,Falling,59,60,97,26.36,4.0,60,350.0,N,,2,76,56,0.45,,,Very High,60,8,,,,,,,,,,,,,,
53787,observation,1588853700,53787,Yushe,1588842000,D,59,11.0,1101.0,Light Rain Shower,2,Falling,59,59,98,26.32,6.0,59,320.0,NW,,2,70,56,0.56,,,Low,59,2,,,,,,,,,,,,,,
53787,observation,1588864500,53787,Yushe,1588852800,N,58,11.0,1101.0,Light Rain Shower,1,Rising,57,58,98,26.32,18.0,58,350.0,N,,4,64,56,0.63,,,Low,58,0,,,,,,,,,,,,,,
53787,observation,1588886100,53787,Yushe,1588874400,N,55,11.0,1100.0,Rain Shower,2,Falling,55,55,99,26.35,8.0,55,40.0,NE,,2,61,55,1.16,,,Low,55,0,,,,,,,,,,,,,,
53787,observation,1588896900,53787,Yushe,1588885200,D,55,11.0,1101.0,Light Rain Shower,2,Falling,54,55,99,26.31,18.0,55,360.0,N,,7,61,54,1.27,,,Low,55,0,,,,,,,,,,,,,,
53787,observation,1588907700,53787,Yushe,1588896000,D,56,,,,1,Rising,55,56,97,26.35,18.0,56,20.0,NNE,,4,61,54,1.17,,,Low,56,2,,,,,,,,,,,,,,
53787,observation,1588918500,53787,Yushe,1588906800,D,60,,,,0,Steady,54,60,78,26.35,18.0,60,20.0,NNE,,7,61,54,0.9,,,Very High,60,8,,,,,,,,,,,,,,
53787,observation,1588929300,53787,Yushe,1588917600,D,66,,,,1,Rising,53,66,63,26.36,18.0,66,10.0,N,,9,66,54,0.83,,,Very High,66,8,,,,,,,,,,,,,,
53787,observation,1588940100,53787,Yushe,1588928400,D,67,,,,2,Falling,50,67,54,26.32,18.0,67,50.0,NE,,9,67,54,0.72,,,Low,67,2,,,,,,,,,,,,,,
53787,observation,1588950900,53787,Yushe,1588939200,N,58,,,,1,Rising,48,58,69,26.37,18.0,58,20.0,NNE,,4,68,54,0.65,,,Low,58,0,,,,,,,,,,,,,,
